# Paper Runners — Lift
# Outline traced from supplied source; extrusion depth is artistic.
v 0.028404761105775833 1.4466136693954468 0.19
v -0.00010048443073173985 1.4465827941894531 0.19
v -0.024954305961728096 1.44057297706604 0.19
v -0.077250637114048 1.4205694198608398 0.19
v -0.10922704637050629 1.3983434438705444 0.19
v -0.15972459316253662 1.3490253686904907 0.19
v -0.16929566860198975 1.2976722717285156 0.19
v -0.15229295194149017 1.1627612113952637 0.19
v -0.14645163714885712 1.0924700498580933 0.19
v -0.14645352959632874 1.021775484085083 0.19
v -0.15199245512485504 0.9849556684494019 0.19
v -0.16941596567630768 0.9553638100624084 0.19
v -0.19688795506954193 0.9293373823165894 0.19
v -0.26009172201156616 0.8799365162849426 0.19
v -0.3481253981590271 0.8395418524742126 0.19
v -0.5409750938415527 0.7709758281707764 0.19
v -0.6085820198059082 0.7394782900810242 0.19
v -0.6250331997871399 0.7172826528549194 0.19
v -0.6394906044006348 0.6411294341087341 0.19
v -0.6608088612556458 0.4320690333843231 0.19
v -0.6664308905601501 0.3397861421108246 0.19
v -0.6622427105903625 0.26940375566482544 0.19
v -0.6553751230239868 0.21860472857952118 0.19
v -0.6389065384864807 0.13572770357131958 0.19
v -0.6244317293167114 0.10689372569322586 0.19
v -0.5888208746910095 0.08236128091812134 0.19
v -0.5690013766288757 0.07785627990961075 0.19
v -0.5239488482475281 0.08548492938280106 0.19
v -0.5099599957466125 0.09252706170082092 0.19
v -0.4953322112560272 0.11161691695451736 0.19
v -0.4907093942165375 0.16303500533103943 0.19
v -0.49499571323394775 0.30903226137161255 0.19
v -0.485964834690094 0.3990902006626129 0.19
v -0.4549970328807831 0.5140523314476013 0.19
v -0.4229928255081177 0.5722993016242981 0.19
v -0.36550432443618774 0.6158566474914551 0.19
v -0.32190775871276855 0.629285454750061 0.19
v -0.2557609975337982 0.6059446930885315 0.19
v -0.24644571542739868 0.49197375774383545 0.19
v -0.26789140701293945 0.1916075199842453 0.19
v -0.2693195939064026 0.03835580497980118 0.19
v -0.25214722752571106 -0.12939859926700592 0.19
v -0.2624615728855133 -0.263996958732605 0.19
v -0.30993586778640747 -0.48850587010383606 0.19
v -0.33670854568481445 -0.5833734273910522 0.19
v -0.3700002133846283 -0.6407102942466736 0.19
v -0.4236803352832794 -0.7004653811454773 0.19
v -0.5487586259841919 -0.8212352991104126 0.19
v -0.6288903951644897 -0.8896939158439636 0.19
v -0.740325391292572 -0.971135675907135 0.19
v -0.7888296246528625 -1.014161467552185 0.19
v -0.8286519646644592 -1.0658700466156006 0.19
v -0.8379800319671631 -1.0910168886184692 0.19
v -0.8359155058860779 -1.1294276714324951 0.19
v -0.7955465316772461 -1.177675485610962 0.19
v -0.6639048457145691 -1.2923003435134888 0.19
v -0.5910795331001282 -1.3497281074523926 0.19
v -0.503487229347229 -1.4081916809082031 0.19
v -0.47874802350997925 -1.4180452823638916 0.19
v -0.4642374515533447 -1.4046450853347778 0.19
v -0.45876869559288025 -1.3920612335205078 0.19
v -0.4547709822654724 -1.3490861654281616 0.19
v -0.4685094654560089 -1.315834879875183 0.19
v -0.5234922170639038 -1.2398277521133423 0.19
v -0.5447814464569092 -1.2032181024551392 0.19
v -0.5407214164733887 -1.1612390279769897 0.19
v -0.4516705870628357 -1.070600152015686 0.19
v -0.19028568267822266 -0.8220738768577576 0.19
v -0.09485580772161484 -0.7239239811897278 0.19
v -0.06859337538480759 -0.6785026788711548 0.19
v -0.0366518460214138 -0.5894622206687927 0.19
v 0.03192678466439247 -0.36658555269241333 0.19
v 0.06334932148456573 -0.2816796600818634 0.19
v 0.0915246233344078 -0.25190669298171997 0.19
v 0.11652973294258118 -0.23977495729923248 0.19
v 0.14820289611816406 -0.23986759781837463 0.19
v 0.17881853878498077 -0.2521854341030121 0.19
v 0.23219333589076996 -0.28332802653312683 0.19
v 0.26904967427253723 -0.3109501898288727 0.19
v 0.32232505083084106 -0.35982707142829895 0.19
v 0.34507906436920166 -0.3933230936527252 0.19
v 0.3440364599227905 -0.4378146529197693 0.19
v 0.29346704483032227 -0.5184444785118103 0.19
v 0.14795692265033722 -0.7238439917564392 0.19
v 0.10376865416765213 -0.8020392656326294 0.19
v 0.10812512785196304 -0.8338876962661743 0.19
v 0.13749580085277557 -0.8948770761489868 0.19
v 0.22699101269245148 -1.044020652770996 0.19
v 0.2641679346561432 -1.1005486249923706 0.19
v 0.2848309874534607 -1.1213043928146362 0.19
v 0.30693069100379944 -1.1321494579315186 0.19
v 0.3636245131492615 -1.1483763456344604 0.19
v 0.38389164209365845 -1.1497316360473633 0.19
v 0.40550437569618225 -1.1401159763336182 0.19
v 0.4115437865257263 -1.1340779066085815 0.19
v 0.4207496643066406 -1.1185475587844849 0.19
v 0.4034762978553772 -1.0537739992141724 0.19
v 0.3350445628166199 -0.8698889017105103 0.19
v 0.3113938271999359 -0.7972372174263 0.19
v 0.3146721422672272 -0.7522041201591492 0.19
v 0.3913151025772095 -0.6591005325317383 0.19
v 0.6141409277915955 -0.41485902667045593 0.19
v 0.6980334520339966 -0.3128834366798401 0.19
v 0.729626476764679 -0.24933941662311554 0.19
v 0.7350738048553467 -0.22477947175502777 0.19
v 0.7241607904434204 -0.1941365897655487 0.19
v 0.7149395942687988 -0.1786891520023346 0.19
v 0.694936215877533 -0.15809519588947296 0.19
v 0.6041645407676697 -0.10788435488939285 0.19
v 0.35128986835479736 0.02069850079715252 0.19
v 0.24666443467140198 0.0788537859916687 0.19
v 0.18409524857997894 0.1281232386827469 0.19
v 0.15811467170715332 0.20215071737766266 0.19
v 0.149295836687088 0.35089004039764404 0.19
v 0.15528862178325653 0.41339918971061707 0.19
v 0.20000000298023224 0.44214001297950745 0.19
v 0.2474062740802765 0.42638519406318665 0.19
v 0.33212190866470337 0.375458300113678 0.19
v 0.3671843111515045 0.3663915693759918 0.19
v 0.41368624567985535 0.3812097907066345 0.19
v 0.46672487258911133 0.41450780630111694 0.19
v 0.5807455778121948 0.5031638741493225 0.19
v 0.6584485173225403 0.5808920860290527 0.19
v 0.7815856337547302 0.7294952869415283 0.19
v 0.8225513100624084 0.7937067151069641 0.19
v 0.829289972782135 0.844290018081665 0.19
v 0.8253670930862427 0.8597583770751953 0.19
v 0.7975624799728394 0.8834887146949768 0.19
v 0.7821022272109985 0.8895516991615295 0.19
v 0.7444887161254883 0.8893430829048157 0.19
v 0.7283238172531128 0.8864263892173767 0.19
v 0.7097548842430115 0.8774972558021545 0.19
v 0.6709716320037842 0.8399072289466858 0.19
v 0.5715771913528442 0.7319402694702148 0.19
v 0.4984695017337799 0.6756412982940674 0.19
v 0.3887835443019867 0.6228914856910706 0.19
v 0.3400830328464508 0.605385422706604 0.19
v 0.3053125739097595 0.6109575033187866 0.19
v 0.28224796056747437 0.6253535151481628 0.19
v 0.25236424803733826 0.6556848287582397 0.19
v 0.21362866461277008 0.722567617893219 0.19
v 0.12755723297595978 0.890415370464325 0.19
v 0.09747451543807983 0.9599891304969788 0.19
v 0.09687164425849915 1.0018184185028076 0.19
v 0.11057010293006897 1.0384608507156372 0.19
v 0.14329656958580017 1.094655990600586 0.19
v 0.14929799735546112 1.15793776512146 0.19
v 0.1366182267665863 1.309798002243042 0.19
v 0.12399199604988098 1.3691270351409912 0.19
v 0.09782779216766357 1.4055542945861816 0.19
v 0.07998504489660263 1.4223570823669434 0.19
v 0.04536574333906174 1.441530466079712 0.19
v 0.028404761105775833 1.4466136693954468 -0.19
v -0.00010048443073173985 1.4465827941894531 -0.19
v -0.024954305961728096 1.44057297706604 -0.19
v -0.077250637114048 1.4205694198608398 -0.19
v -0.10922704637050629 1.3983434438705444 -0.19
v -0.15972459316253662 1.3490253686904907 -0.19
v -0.16929566860198975 1.2976722717285156 -0.19
v -0.15229295194149017 1.1627612113952637 -0.19
v -0.14645163714885712 1.0924700498580933 -0.19
v -0.14645352959632874 1.021775484085083 -0.19
v -0.15199245512485504 0.9849556684494019 -0.19
v -0.16941596567630768 0.9553638100624084 -0.19
v -0.19688795506954193 0.9293373823165894 -0.19
v -0.26009172201156616 0.8799365162849426 -0.19
v -0.3481253981590271 0.8395418524742126 -0.19
v -0.5409750938415527 0.7709758281707764 -0.19
v -0.6085820198059082 0.7394782900810242 -0.19
v -0.6250331997871399 0.7172826528549194 -0.19
v -0.6394906044006348 0.6411294341087341 -0.19
v -0.6608088612556458 0.4320690333843231 -0.19
v -0.6664308905601501 0.3397861421108246 -0.19
v -0.6622427105903625 0.26940375566482544 -0.19
v -0.6553751230239868 0.21860472857952118 -0.19
v -0.6389065384864807 0.13572770357131958 -0.19
v -0.6244317293167114 0.10689372569322586 -0.19
v -0.5888208746910095 0.08236128091812134 -0.19
v -0.5690013766288757 0.07785627990961075 -0.19
v -0.5239488482475281 0.08548492938280106 -0.19
v -0.5099599957466125 0.09252706170082092 -0.19
v -0.4953322112560272 0.11161691695451736 -0.19
v -0.4907093942165375 0.16303500533103943 -0.19
v -0.49499571323394775 0.30903226137161255 -0.19
v -0.485964834690094 0.3990902006626129 -0.19
v -0.4549970328807831 0.5140523314476013 -0.19
v -0.4229928255081177 0.5722993016242981 -0.19
v -0.36550432443618774 0.6158566474914551 -0.19
v -0.32190775871276855 0.629285454750061 -0.19
v -0.2557609975337982 0.6059446930885315 -0.19
v -0.24644571542739868 0.49197375774383545 -0.19
v -0.26789140701293945 0.1916075199842453 -0.19
v -0.2693195939064026 0.03835580497980118 -0.19
v -0.25214722752571106 -0.12939859926700592 -0.19
v -0.2624615728855133 -0.263996958732605 -0.19
v -0.30993586778640747 -0.48850587010383606 -0.19
v -0.33670854568481445 -0.5833734273910522 -0.19
v -0.3700002133846283 -0.6407102942466736 -0.19
v -0.4236803352832794 -0.7004653811454773 -0.19
v -0.5487586259841919 -0.8212352991104126 -0.19
v -0.6288903951644897 -0.8896939158439636 -0.19
v -0.740325391292572 -0.971135675907135 -0.19
v -0.7888296246528625 -1.014161467552185 -0.19
v -0.8286519646644592 -1.0658700466156006 -0.19
v -0.8379800319671631 -1.0910168886184692 -0.19
v -0.8359155058860779 -1.1294276714324951 -0.19
v -0.7955465316772461 -1.177675485610962 -0.19
v -0.6639048457145691 -1.2923003435134888 -0.19
v -0.5910795331001282 -1.3497281074523926 -0.19
v -0.503487229347229 -1.4081916809082031 -0.19
v -0.47874802350997925 -1.4180452823638916 -0.19
v -0.4642374515533447 -1.4046450853347778 -0.19
v -0.45876869559288025 -1.3920612335205078 -0.19
v -0.4547709822654724 -1.3490861654281616 -0.19
v -0.4685094654560089 -1.315834879875183 -0.19
v -0.5234922170639038 -1.2398277521133423 -0.19
v -0.5447814464569092 -1.2032181024551392 -0.19
v -0.5407214164733887 -1.1612390279769897 -0.19
v -0.4516705870628357 -1.070600152015686 -0.19
v -0.19028568267822266 -0.8220738768577576 -0.19
v -0.09485580772161484 -0.7239239811897278 -0.19
v -0.06859337538480759 -0.6785026788711548 -0.19
v -0.0366518460214138 -0.5894622206687927 -0.19
v 0.03192678466439247 -0.36658555269241333 -0.19
v 0.06334932148456573 -0.2816796600818634 -0.19
v 0.0915246233344078 -0.25190669298171997 -0.19
v 0.11652973294258118 -0.23977495729923248 -0.19
v 0.14820289611816406 -0.23986759781837463 -0.19
v 0.17881853878498077 -0.2521854341030121 -0.19
v 0.23219333589076996 -0.28332802653312683 -0.19
v 0.26904967427253723 -0.3109501898288727 -0.19
v 0.32232505083084106 -0.35982707142829895 -0.19
v 0.34507906436920166 -0.3933230936527252 -0.19
v 0.3440364599227905 -0.4378146529197693 -0.19
v 0.29346704483032227 -0.5184444785118103 -0.19
v 0.14795692265033722 -0.7238439917564392 -0.19
v 0.10376865416765213 -0.8020392656326294 -0.19
v 0.10812512785196304 -0.8338876962661743 -0.19
v 0.13749580085277557 -0.8948770761489868 -0.19
v 0.22699101269245148 -1.044020652770996 -0.19
v 0.2641679346561432 -1.1005486249923706 -0.19
v 0.2848309874534607 -1.1213043928146362 -0.19
v 0.30693069100379944 -1.1321494579315186 -0.19
v 0.3636245131492615 -1.1483763456344604 -0.19
v 0.38389164209365845 -1.1497316360473633 -0.19
v 0.40550437569618225 -1.1401159763336182 -0.19
v 0.4115437865257263 -1.1340779066085815 -0.19
v 0.4207496643066406 -1.1185475587844849 -0.19
v 0.4034762978553772 -1.0537739992141724 -0.19
v 0.3350445628166199 -0.8698889017105103 -0.19
v 0.3113938271999359 -0.7972372174263 -0.19
v 0.3146721422672272 -0.7522041201591492 -0.19
v 0.3913151025772095 -0.6591005325317383 -0.19
v 0.6141409277915955 -0.41485902667045593 -0.19
v 0.6980334520339966 -0.3128834366798401 -0.19
v 0.729626476764679 -0.24933941662311554 -0.19
v 0.7350738048553467 -0.22477947175502777 -0.19
v 0.7241607904434204 -0.1941365897655487 -0.19
v 0.7149395942687988 -0.1786891520023346 -0.19
v 0.694936215877533 -0.15809519588947296 -0.19
v 0.6041645407676697 -0.10788435488939285 -0.19
v 0.35128986835479736 0.02069850079715252 -0.19
v 0.24666443467140198 0.0788537859916687 -0.19
v 0.18409524857997894 0.1281232386827469 -0.19
v 0.15811467170715332 0.20215071737766266 -0.19
v 0.149295836687088 0.35089004039764404 -0.19
v 0.15528862178325653 0.41339918971061707 -0.19
v 0.20000000298023224 0.44214001297950745 -0.19
v 0.2474062740802765 0.42638519406318665 -0.19
v 0.33212190866470337 0.375458300113678 -0.19
v 0.3671843111515045 0.3663915693759918 -0.19
v 0.41368624567985535 0.3812097907066345 -0.19
v 0.46672487258911133 0.41450780630111694 -0.19
v 0.5807455778121948 0.5031638741493225 -0.19
v 0.6584485173225403 0.5808920860290527 -0.19
v 0.7815856337547302 0.7294952869415283 -0.19
v 0.8225513100624084 0.7937067151069641 -0.19
v 0.829289972782135 0.844290018081665 -0.19
v 0.8253670930862427 0.8597583770751953 -0.19
v 0.7975624799728394 0.8834887146949768 -0.19
v 0.7821022272109985 0.8895516991615295 -0.19
v 0.7444887161254883 0.8893430829048157 -0.19
v 0.7283238172531128 0.8864263892173767 -0.19
v 0.7097548842430115 0.8774972558021545 -0.19
v 0.6709716320037842 0.8399072289466858 -0.19
v 0.5715771913528442 0.7319402694702148 -0.19
v 0.4984695017337799 0.6756412982940674 -0.19
v 0.3887835443019867 0.6228914856910706 -0.19
v 0.3400830328464508 0.605385422706604 -0.19
v 0.3053125739097595 0.6109575033187866 -0.19
v 0.28224796056747437 0.6253535151481628 -0.19
v 0.25236424803733826 0.6556848287582397 -0.19
v 0.21362866461277008 0.722567617893219 -0.19
v 0.12755723297595978 0.890415370464325 -0.19
v 0.09747451543807983 0.9599891304969788 -0.19
v 0.09687164425849915 1.0018184185028076 -0.19
v 0.11057010293006897 1.0384608507156372 -0.19
v 0.14329656958580017 1.094655990600586 -0.19
v 0.14929799735546112 1.15793776512146 -0.19
v 0.1366182267665863 1.309798002243042 -0.19
v 0.12399199604988098 1.3691270351409912 -0.19
v 0.09782779216766357 1.4055542945861816 -0.19
v 0.07998504489660263 1.4223570823669434 -0.19
v 0.04536574333906174 1.441530466079712 -0.19
v 0.028404761105775833 1.4466136693954468 0.19
v -0.00010048443073173985 1.4465827941894531 0.19
v -0.024954305961728096 1.44057297706604 0.19
v -0.077250637114048 1.4205694198608398 0.19
v -0.10922704637050629 1.3983434438705444 0.19
v -0.15972459316253662 1.3490253686904907 0.19
v -0.16929566860198975 1.2976722717285156 0.19
v -0.15229295194149017 1.1627612113952637 0.19
v -0.14645163714885712 1.0924700498580933 0.19
v -0.14645352959632874 1.021775484085083 0.19
v -0.15199245512485504 0.9849556684494019 0.19
v -0.16941596567630768 0.9553638100624084 0.19
v -0.19688795506954193 0.9293373823165894 0.19
v -0.26009172201156616 0.8799365162849426 0.19
v -0.3481253981590271 0.8395418524742126 0.19
v -0.5409750938415527 0.7709758281707764 0.19
v -0.6085820198059082 0.7394782900810242 0.19
v -0.6250331997871399 0.7172826528549194 0.19
v -0.6394906044006348 0.6411294341087341 0.19
v -0.6608088612556458 0.4320690333843231 0.19
v -0.6664308905601501 0.3397861421108246 0.19
v -0.6622427105903625 0.26940375566482544 0.19
v -0.6553751230239868 0.21860472857952118 0.19
v -0.6389065384864807 0.13572770357131958 0.19
v -0.6244317293167114 0.10689372569322586 0.19
v -0.5888208746910095 0.08236128091812134 0.19
v -0.5690013766288757 0.07785627990961075 0.19
v -0.5239488482475281 0.08548492938280106 0.19
v -0.5099599957466125 0.09252706170082092 0.19
v -0.4953322112560272 0.11161691695451736 0.19
v -0.4907093942165375 0.16303500533103943 0.19
v -0.49499571323394775 0.30903226137161255 0.19
v -0.485964834690094 0.3990902006626129 0.19
v -0.4549970328807831 0.5140523314476013 0.19
v -0.4229928255081177 0.5722993016242981 0.19
v -0.36550432443618774 0.6158566474914551 0.19
v -0.32190775871276855 0.629285454750061 0.19
v -0.2557609975337982 0.6059446930885315 0.19
v -0.24644571542739868 0.49197375774383545 0.19
v -0.26789140701293945 0.1916075199842453 0.19
v -0.2693195939064026 0.03835580497980118 0.19
v -0.25214722752571106 -0.12939859926700592 0.19
v -0.2624615728855133 -0.263996958732605 0.19
v -0.30993586778640747 -0.48850587010383606 0.19
v -0.33670854568481445 -0.5833734273910522 0.19
v -0.3700002133846283 -0.6407102942466736 0.19
v -0.4236803352832794 -0.7004653811454773 0.19
v -0.5487586259841919 -0.8212352991104126 0.19
v -0.6288903951644897 -0.8896939158439636 0.19
v -0.740325391292572 -0.971135675907135 0.19
v -0.7888296246528625 -1.014161467552185 0.19
v -0.8286519646644592 -1.0658700466156006 0.19
v -0.8379800319671631 -1.0910168886184692 0.19
v -0.8359155058860779 -1.1294276714324951 0.19
v -0.7955465316772461 -1.177675485610962 0.19
v -0.6639048457145691 -1.2923003435134888 0.19
v -0.5910795331001282 -1.3497281074523926 0.19
v -0.503487229347229 -1.4081916809082031 0.19
v -0.47874802350997925 -1.4180452823638916 0.19
v -0.4642374515533447 -1.4046450853347778 0.19
v -0.45876869559288025 -1.3920612335205078 0.19
v -0.4547709822654724 -1.3490861654281616 0.19
v -0.4685094654560089 -1.315834879875183 0.19
v -0.5234922170639038 -1.2398277521133423 0.19
v -0.5447814464569092 -1.2032181024551392 0.19
v -0.5407214164733887 -1.1612390279769897 0.19
v -0.4516705870628357 -1.070600152015686 0.19
v -0.19028568267822266 -0.8220738768577576 0.19
v -0.09485580772161484 -0.7239239811897278 0.19
v -0.06859337538480759 -0.6785026788711548 0.19
v -0.0366518460214138 -0.5894622206687927 0.19
v 0.03192678466439247 -0.36658555269241333 0.19
v 0.06334932148456573 -0.2816796600818634 0.19
v 0.0915246233344078 -0.25190669298171997 0.19
v 0.11652973294258118 -0.23977495729923248 0.19
v 0.14820289611816406 -0.23986759781837463 0.19
v 0.17881853878498077 -0.2521854341030121 0.19
v 0.23219333589076996 -0.28332802653312683 0.19
v 0.26904967427253723 -0.3109501898288727 0.19
v 0.32232505083084106 -0.35982707142829895 0.19
v 0.34507906436920166 -0.3933230936527252 0.19
v 0.3440364599227905 -0.4378146529197693 0.19
v 0.29346704483032227 -0.5184444785118103 0.19
v 0.14795692265033722 -0.7238439917564392 0.19
v 0.10376865416765213 -0.8020392656326294 0.19
v 0.10812512785196304 -0.8338876962661743 0.19
v 0.13749580085277557 -0.8948770761489868 0.19
v 0.22699101269245148 -1.044020652770996 0.19
v 0.2641679346561432 -1.1005486249923706 0.19
v 0.2848309874534607 -1.1213043928146362 0.19
v 0.30693069100379944 -1.1321494579315186 0.19
v 0.3636245131492615 -1.1483763456344604 0.19
v 0.38389164209365845 -1.1497316360473633 0.19
v 0.40550437569618225 -1.1401159763336182 0.19
v 0.4115437865257263 -1.1340779066085815 0.19
v 0.4207496643066406 -1.1185475587844849 0.19
v 0.4034762978553772 -1.0537739992141724 0.19
v 0.3350445628166199 -0.8698889017105103 0.19
v 0.3113938271999359 -0.7972372174263 0.19
v 0.3146721422672272 -0.7522041201591492 0.19
v 0.3913151025772095 -0.6591005325317383 0.19
v 0.6141409277915955 -0.41485902667045593 0.19
v 0.6980334520339966 -0.3128834366798401 0.19
v 0.729626476764679 -0.24933941662311554 0.19
v 0.7350738048553467 -0.22477947175502777 0.19
v 0.7241607904434204 -0.1941365897655487 0.19
v 0.7149395942687988 -0.1786891520023346 0.19
v 0.694936215877533 -0.15809519588947296 0.19
v 0.6041645407676697 -0.10788435488939285 0.19
v 0.35128986835479736 0.02069850079715252 0.19
v 0.24666443467140198 0.0788537859916687 0.19
v 0.18409524857997894 0.1281232386827469 0.19
v 0.15811467170715332 0.20215071737766266 0.19
v 0.149295836687088 0.35089004039764404 0.19
v 0.15528862178325653 0.41339918971061707 0.19
v 0.20000000298023224 0.44214001297950745 0.19
v 0.2474062740802765 0.42638519406318665 0.19
v 0.33212190866470337 0.375458300113678 0.19
v 0.3671843111515045 0.3663915693759918 0.19
v 0.41368624567985535 0.3812097907066345 0.19
v 0.46672487258911133 0.41450780630111694 0.19
v 0.5807455778121948 0.5031638741493225 0.19
v 0.6584485173225403 0.5808920860290527 0.19
v 0.7815856337547302 0.7294952869415283 0.19
v 0.8225513100624084 0.7937067151069641 0.19
v 0.829289972782135 0.844290018081665 0.19
v 0.8253670930862427 0.8597583770751953 0.19
v 0.7975624799728394 0.8834887146949768 0.19
v 0.7821022272109985 0.8895516991615295 0.19
v 0.7444887161254883 0.8893430829048157 0.19
v 0.7283238172531128 0.8864263892173767 0.19
v 0.7097548842430115 0.8774972558021545 0.19
v 0.6709716320037842 0.8399072289466858 0.19
v 0.5715771913528442 0.7319402694702148 0.19
v 0.4984695017337799 0.6756412982940674 0.19
v 0.3887835443019867 0.6228914856910706 0.19
v 0.3400830328464508 0.605385422706604 0.19
v 0.3053125739097595 0.6109575033187866 0.19
v 0.28224796056747437 0.6253535151481628 0.19
v 0.25236424803733826 0.6556848287582397 0.19
v 0.21362866461277008 0.722567617893219 0.19
v 0.12755723297595978 0.890415370464325 0.19
v 0.09747451543807983 0.9599891304969788 0.19
v 0.09687164425849915 1.0018184185028076 0.19
v 0.11057010293006897 1.0384608507156372 0.19
v 0.14329656958580017 1.094655990600586 0.19
v 0.14929799735546112 1.15793776512146 0.19
v 0.1366182267665863 1.309798002243042 0.19
v 0.12399199604988098 1.3691270351409912 0.19
v 0.09782779216766357 1.4055542945861816 0.19
v 0.07998504489660263 1.4223570823669434 0.19
v 0.04536574333906174 1.441530466079712 0.19
v 0.029917379841208458 1.459021806716919 0.1797399961948395
v -0.0014802422374486923 1.459006428718567 0.1797399961948395
v -0.028907153755426407 1.4524314403533936 0.1797399961948395
v -0.08291031420230865 1.431714653968811 0.1797399961948395
v -0.11746852099895477 1.407741665840149 0.1797399961948395
v -0.1705772876739502 1.3552277088165283 0.1797399961948395
v -0.18179284036159515 1.2974061965942383 0.1797399961948395
v -0.16471648216247559 1.161380648612976 0.1797399961948395
v -0.15894082188606262 1.0919500589370728 0.1797399961948395
v -0.15894176065921783 1.0223177671432495 0.1797399961948395
v -0.16385123133659363 0.9889078736305237 0.1797399961948395
v -0.17899298667907715 0.9633969068527222 0.1797399961948395
v -0.2048739790916443 0.938953697681427 0.1797399961948395
v -0.2664758563041687 0.8906832337379456 0.1797399961948395
v -0.35263270139694214 0.8512009382247925 0.1797399961948395
v -0.5454875230789185 0.7826328873634338 0.1797399961948395
v -0.6157210469245911 0.7497391700744629 0.1797399961948395
v -0.6368016004562378 0.7214963436126709 0.1797399961948395
v -0.6518902778625488 0.6427097320556641 0.1797399961948395
v -0.673259437084198 0.4331795275211334 0.1797399961948395
v -0.6789304614067078 0.33989307284355164 0.1797399961948395
v -0.674691379070282 0.26827186346054077 0.1797399961948395
v -0.6676875948905945 0.2164473682641983 0.1797399961948395
v -0.6508832573890686 0.1321488469839096 0.1797399961948395
v -0.6336458325386047 0.09844686090946198 0.1797399961948395
v -0.5944104194641113 0.07118064165115356 0.1797399961948395
v -0.5687856674194336 0.06535813957452774 0.1797399961948395
v -0.5205444097518921 0.07345746457576752 0.1797399961948395
v -0.5014100074768066 0.08340852707624435 0.1797399961948395
v -0.48338112235069275 0.10795345902442932 0.1797399961948395
v -0.4782097041606903 0.16294750571250916 0.1797399961948395
v -0.4824978709220886 0.30880114436149597 0.1797399961948395
v -0.4736974239349365 0.39669010043144226 0.1797399961948395
v -0.4432135224342346 0.5098811984062195 0.1797399961948395
v -0.41364139318466187 0.56400465965271 0.1797399961948395
v -0.3591821491718292 0.6050733327865601 0.1797399961948395
v -0.3216688930988312 0.6167877316474915 0.1797399961948395
v -0.26716548204421997 0.6008273363113403 0.1797399961948395
v -0.25893786549568176 0.4924168884754181 0.1797399961948395
v -0.2803756892681122 0.19223375618457794 0.1797399961948395
v -0.28180480003356934 0.03774790093302727 0.1797399961948395
v -0.2646436095237732 -0.12969930469989777 0.1797399961948395
v -0.27480077743530273 -0.2619984745979309 0.1797399961948395
v -0.32211291790008545 -0.4856829345226288 0.1797399961948395
v -0.3483542799949646 -0.5788317322731018 0.1797399961948395
v -0.38000011444091797 -0.6332101225852966 0.1797399961948395
v -0.4325551688671112 -0.6916626691818237 0.1797399961948395
v -0.5572343468666077 -0.8120476603507996 0.1797399961948395
v -0.6365901827812195 -0.87984699010849 0.1797399961948395
v -0.7480177283287048 -0.9612828493118286 0.1797399961948395
v -0.797984778881073 -1.0056507587432861 0.1797399961948395
v -0.8393259644508362 -1.0593650341033936 0.1797399961948395
v -0.8504199981689453 -1.0897934436798096 0.1797399961948395
v -0.8472427725791931 -1.1347137689590454 0.1797399961948395
v -0.8042032718658447 -1.186692714691162 0.1797399961948395
v -0.6719524264335632 -1.3018651008605957 0.1797399961948395
v -0.5983947515487671 -1.3598639965057373 0.1797399961948395
v -0.5095986127853394 -1.4190958738327026 0.1797399961948395
v -0.4772290289402008 -1.430452585220337 0.1797399961948395
v -0.4549737274646759 -1.4130375385284424 0.1797399961948395
v -0.446529358625412 -1.3946006298065186 0.1797399961948395
v -0.4423854947090149 -1.347398042678833 0.1797399961948395
v -0.4578247368335724 -1.30934739112854 0.1797399961948395
v -0.5131760835647583 -1.2327688932418823 0.1797399961948395
v -0.533105731010437 -1.198754072189331 0.1797399961948395
v -0.5310757160186768 -1.169189453125 0.1797399961948395
v -0.4429802894592285 -1.079585075378418 0.1797399961948395
v -0.1815728396177292 -0.8310369253158569 0.1797399961948395
v -0.08528290688991547 -0.7319620251655579 0.1797399961948395
v -0.057151686400175095 -0.6835363507270813 0.1797399961948395
v -0.024755923077464104 -0.5933011174201965 0.1797399961948395
v 0.0438183918595314 -0.37043777108192444 0.1797399961948395
v 0.07452966272830963 -0.28726983070373535 0.1797399961948395
v 0.0993323102593422 -0.2616683542728424 0.1797399961948395
v 0.11897987127304077 -0.25203248858451843 0.1797399961948395
v 0.14553144574165344 -0.2520788013935089 0.1797399961948395
v 0.17297926545143127 -0.26323771476745605 0.1797399961948395
v 0.22538167238235474 -0.2938089966773987 0.1797399961948395
v 0.2609548270702362 -0.32047510147094727 0.1797399961948395
v 0.313307523727417 -0.3684835433959961 0.1797399961948395
v 0.33325454592704773 -0.39737653732299805 0.1797399961948395
v 0.3327332139015198 -0.43247732520103455 0.1797399961948395
v 0.28316351771354675 -0.5113672614097595 0.1797399961948395
v 0.13754846155643463 -0.7169219851493835 0.1797399961948395
v 0.0918843224644661 -0.7981646060943604 0.1797399961948395
v 0.09620755910873413 -0.8376588225364685 0.1797399961948395
v 0.126602903008461 -0.9010085463523865 0.1797399961948395
v 0.2163505107164383 -1.0505802631378174 0.1797399961948395
v 0.25422897934913635 -1.1081292629241943 0.1797399961948395
v 0.2774154841899872 -1.1313672065734863 0.1797399961948395
v 0.3027503490447998 -1.1439297199249268 0.1797399961948395
v 0.3610972762107849 -1.1606181859970093 0.1797399961948395
v 0.38623082637786865 -1.1620107889175415 0.1797399961948395
v 0.412037193775177 -1.1507729291915894 0.1797399961948395
v 0.42220190167427063 -1.1406089067459106 0.1797399961948395
v 0.43322983384132385 -1.117843747138977 0.1797399961948395
v 0.4153081476688385 -1.0497419834136963 0.1797399961948395
v 0.3468072712421417 -0.8656594753265381 0.1797399961948395
v 0.3235519230365753 -0.7943336367607117 0.1797399961948395
v 0.32519108057022095 -0.758957028388977 0.1797399961948395
v 0.4006575644016266 -0.6674052476882935 0.1797399961948395
v 0.6235004663467407 -0.42314451932907104 0.1797399961948395
v 0.7083017230033875 -0.3200117349624634 0.1797399961948395
v 0.7412432432174683 -0.2539547085762024 0.1797399961948395
v 0.7475368976593018 -0.22381973266601562 0.1797399961948395
v 0.735650360584259 -0.18921329081058502 0.1797399961948395
v 0.7246147990226746 -0.17077457904815674 0.1797399961948395
v 0.7017531394958496 -0.14761759340763092 0.1797399961948395
v 0.6099372506141663 -0.09679717570543289 0.1797399961948395
v 0.35707494616508484 0.031779251992702484 0.1797399961948395
v 0.2533322274684906 0.08942689001560211 0.1797399961948395
v 0.19419261813163757 0.13549162447452545 0.1797399961948395
v 0.17048732936382294 0.20393036305904388 0.1797399961948395
v 0.16179291903972626 0.3511600196361542 0.1797399961948395
v 0.16692930459976196 0.40884459018707275 0.1797399961948395
v 0.20000000298023224 0.429639995098114 0.1797399961948395
v 0.24155813455581665 0.41533759236335754 0.1797399961948395
v 0.3267759680747986 0.36415913701057434 0.1797399961948395
v 0.36787715554237366 0.35391077399253845 0.1797399961948395
v 0.41898810863494873 0.36988988518714905 0.1797399961948395
v 0.474077433347702 0.4043988883495331 0.1797399961948395
v 0.5889427661895752 0.4937269389629364 0.1797399961948395
v 0.6677942872047424 0.5725910663604736 0.1797399961948395
v 0.7915078401565552 0.7218926548957825 0.1797399961948395
v 0.8341306447982788 0.7889983654022217 0.1797399961948395
v 0.8417900204658508 0.844290018081665 0.1797399961948395
v 0.8355385661125183 0.8670241832733154 0.1797399961948395
v 0.8044962286949158 0.8938893675804138 0.1797399961948395
v 0.783906102180481 0.9019208550453186 0.1797399961948395
v 0.7436743378639221 0.9018165469169617 0.1797399961948395
v 0.7241619229316711 0.8982132077217102 0.1797399961948395
v 0.7020224332809448 0.8873186111450195 0.1797399961948395
v 0.6619158387184143 0.8485236167907715 0.1797399961948395
v 0.562933623790741 0.7409701347351074 0.1797399961948395
v 0.49208974838256836 0.6863906383514404 0.1797399961948395
v 0.38367676734924316 0.6343007683753967 0.1797399961948395
v 0.33789652585983276 0.6176927089691162 0.1797399961948395
v 0.30980128049850464 0.6226237416267395 0.1797399961948395
v 0.2904089689254761 0.6348217725753784 0.1797399961948395
v 0.26261210441589355 0.6628424525260925 0.1797399961948395
v 0.22466933727264404 0.7284287810325623 0.1797399961948395
v 0.13877861201763153 0.8959226608276367 0.1797399961948395
v 0.1094522550702095 0.9635645747184753 0.1797399961948395
v 0.10915081948041916 0.9994791746139526 0.1797399961948395
v 0.12171504646539688 1.0328004360198975 0.1797399961948395
v 0.15521828830242157 1.090898036956787 0.1797399961948395
v 0.16179399192333221 1.1582539081573486 0.1797399961948395
v 0.1490241140127182 1.3113290071487427 0.1797399961948395
v 0.13556599617004395 1.373848557472229 0.1797399961948395
v 0.1074838936328888 1.4134920835494995 0.1797399961948395
v 0.08713752031326294 1.4326086044311523 0.1797399961948395
v 0.050537873059511185 1.4529101848602295 0.1797399961948395
v 0.03142999857664108 1.4714299440383911 0.1520000022649765
v -0.002859999891370535 1.4714299440383911 0.1520000022649765
v -0.03285999968647957 1.4642900228500366 0.1520000022649765
v -0.0885699987411499 1.4428600072860718 0.1520000022649765
v -0.12570999562740326 1.417140007019043 0.1520000022649765
v -0.18142999708652496 1.361430048942566 0.1520000022649765
v -0.19428999722003937 1.2971400022506714 0.1520000022649765
v -0.1771399974822998 1.159999966621399 0.1520000022649765
v -0.17143000662326813 1.0914299488067627 0.1520000022649765
v -0.17143000662326813 1.022860050201416 0.1520000022649765
v -0.17570999264717102 0.9928600192070007 0.1520000022649765
v -0.18856999278068542 0.9714300036430359 0.1520000022649765
v -0.21286000311374664 0.9485700130462646 0.1520000022649765
v -0.27285999059677124 0.9014300107955933 0.1520000022649765
v -0.3571400046348572 0.8628600239753723 0.1520000022649765
v -0.550000011920929 0.7942900061607361 0.1520000022649765
v -0.6228600144386292 0.7599999904632568 0.1520000022649765
v -0.6485700011253357 0.7257099747657776 0.1520000022649765
v -0.6642900109291077 0.6442899703979492 0.1520000022649765
v -0.6857100129127502 0.43428999185562134 0.1520000022649765
v -0.6914299726486206 0.3400000035762787 0.1520000022649765
v -0.6871399879455566 0.2671400010585785 0.1520000022649765
v -0.6800000071525574 0.21428999304771423 0.1520000022649765
v -0.6628599762916565 0.12857000529766083 0.1520000022649765
v -0.6428599953651428 0.09000000357627869 0.1520000022649765
v -0.6000000238418579 0.05999999865889549 0.1520000022649765
v -0.5685700178146362 0.05285999923944473 0.1520000022649765
v -0.5171399712562561 0.06142999976873398 0.1520000022649765
v -0.49285998940467834 0.07428999990224838 0.1520000022649765
v -0.4714300036430359 0.10429000109434128 0.1520000022649765
v -0.46571001410484314 0.16286000609397888 0.1520000022649765
v -0.4699999988079071 0.308569997549057 0.1520000022649765
v -0.46143001317977905 0.3942900002002716 0.1520000022649765
v -0.43143001198768616 0.5057100057601929 0.1520000022649765
v -0.40428999066352844 0.5557100176811218 0.1520000022649765
v -0.3528600037097931 0.594290018081665 0.1520000022649765
v -0.3214299976825714 0.6042900085449219 0.1520000022649765
v -0.2785699963569641 0.5957099795341492 0.1520000022649765
v -0.27142998576164246 0.49285998940467834 0.1520000022649765
v -0.2928600013256073 0.19286000728607178 0.1520000022649765
v -0.2942900061607361 0.037140000611543655 0.1520000022649765
v -0.2771399915218353 -0.12999999523162842 0.1520000022649765
v -0.28714001178741455 -0.25999999046325684 0.1520000022649765
v -0.3342899978160858 -0.4828599989414215 0.1520000022649765
v -0.36000001430511475 -0.5742899775505066 0.1520000022649765
v -0.38999998569488525 -0.6257100105285645 0.1520000022649765
v -0.441430002450943 -0.6828600168228149 0.1520000022649765
v -0.5657100081443787 -0.8028600215911865 0.1520000022649765
v -0.6442899703979492 -0.8700000047683716 0.1520000022649765
v -0.7557100057601929 -0.9514300227165222 0.1520000022649765
v -0.8071399927139282 -0.9971399903297424 0.1520000022649765
v -0.8500000238418579 -1.0528600215911865 0.1520000022649765
v -0.8628600239753723 -1.08856999874115 0.1520000022649765
v -0.8585699796676636 -1.1399999856948853 0.1520000022649765
v -0.8128600120544434 -1.1957099437713623 0.1520000022649765
v -0.6800000071525574 -1.3114299774169922 0.1520000022649765
v -0.6057100296020508 -1.3700000047683716 0.1520000022649765
v -0.5157099962234497 -1.4299999475479126 0.1520000022649765
v -0.4757100045681 -1.4428600072860718 0.1520000022649765
v -0.4457100033760071 -1.421429991722107 0.1520000022649765
v -0.43428999185562134 -1.3971400260925293 0.1520000022649765
v -0.4300000071525574 -1.345710039138794 0.1520000022649765
v -0.44714000821113586 -1.3028600215911865 0.1520000022649765
v -0.5028600096702576 -1.2257100343704224 0.1520000022649765
v -0.5214300155639648 -1.194290041923523 0.1520000022649765
v -0.5214300155639648 -1.1771399974822998 0.1520000022649765
v -0.43428999185562134 -1.08856999874115 0.1520000022649765
v -0.17285999655723572 -0.8399999737739563 0.1520000022649765
v -0.0757099986076355 -0.7400000095367432 0.1520000022649765
v -0.0457100011408329 -0.6885700225830078 0.1520000022649765
v -0.012860000133514404 -0.5971400141716003 0.1520000022649765
v 0.055709999054670334 -0.37428998947143555 0.1520000022649765
v 0.08570999652147293 -0.2928600013256073 0.1520000022649765
v 0.10713999718427658 -0.27142998576164246 0.1520000022649765
v 0.12143000215291977 -0.2642900049686432 0.1520000022649765
v 0.14285999536514282 -0.2642900049686432 0.1520000022649765
v 0.16714000701904297 -0.2742899954319 0.1520000022649765
v 0.21856999397277832 -0.3042899966239929 0.1520000022649765
v 0.25286000967025757 -0.33000001311302185 0.1520000022649765
v 0.3042899966239929 -0.37713998556137085 0.1520000022649765
v 0.3214299976825714 -0.40143001079559326 0.1520000022649765
v 0.3214299976825714 -0.4271399974822998 0.1520000022649765
v 0.27285999059677124 -0.504289984703064 0.1520000022649765
v 0.12714000046253204 -0.7099999785423279 0.1520000022649765
v 0.07999999821186066 -0.7942900061607361 0.1520000022649765
v 0.08428999781608582 -0.8414300084114075 0.1520000022649765
v 0.11570999771356583 -0.9071400165557861 0.1520000022649765
v 0.20570999383926392 -1.0571399927139282 0.1520000022649765
v 0.24428999423980713 -1.1157100200653076 0.1520000022649765
v 0.27000001072883606 -1.1414300203323364 0.1520000022649765
v 0.29857000708580017 -1.155709981918335 0.1520000022649765
v 0.35857000946998596 -1.172860026359558 0.1520000022649765
v 0.38857001066207886 -1.1742899417877197 0.1520000022649765
v 0.41857001185417175 -1.16143000125885 0.1520000022649765
v 0.43285998702049255 -1.1471400260925293 0.1520000022649765
v 0.4457100033760071 -1.1171400547027588 0.1520000022649765
v 0.4271399974822998 -1.0457099676132202 0.1520000022649765
v 0.35857000946998596 -0.8614299893379211 0.1520000022649765
v 0.33570998907089233 -0.7914299964904785 0.1520000022649765
v 0.33570998907089233 -0.7657099962234497 0.1520000022649765
v 0.4099999964237213 -0.6757100224494934 0.1520000022649765
v 0.632860004901886 -0.43143001198768616 0.1520000022649765
v 0.7185699939727783 -0.3271400034427643 0.1520000022649765
v 0.7528600096702576 -0.25856998562812805 0.1520000022649765
v 0.7599999904632568 -0.22285999357700348 0.1520000022649765
v 0.7471399903297424 -0.18429000675678253 0.1520000022649765
v 0.7342900037765503 -0.16286000609397888 0.1520000022649765
v 0.7085700035095215 -0.13714000582695007 0.1520000022649765
v 0.6157100200653076 -0.08570999652147293 0.1520000022649765
v 0.3628599941730499 0.0428600013256073 0.1520000022649765
v 0.25999999046325684 0.10000000149011612 0.1520000022649765
v 0.2042900025844574 0.14285999536514282 0.1520000022649765
v 0.18286000192165375 0.20570999383926392 0.1520000022649765
v 0.1742900013923645 0.3514299988746643 0.1520000022649765
v 0.1785700023174286 0.40428999066352844 0.1520000022649765
v 0.20000000298023224 0.41714000701904297 0.1520000022649765
v 0.2357099950313568 0.40428999066352844 0.1520000022649765
v 0.3214299976825714 0.3528600037097931 0.1520000022649765
v 0.3685699999332428 0.34143000841140747 0.1520000022649765
v 0.4242900013923645 0.35857000946998596 0.1520000022649765
v 0.4814299941062927 0.3942900002002716 0.1520000022649765
v 0.5971400141716003 0.4842900037765503 0.1520000022649765
v 0.6771399974822998 0.5642899870872498 0.1520000022649765
v 0.8014299869537354 0.7142900228500366 0.1520000022649765
v 0.8457099795341492 0.7842900156974792 0.1520000022649765
v 0.8542900085449219 0.844290018081665 0.1520000022649765
v 0.8457099795341492 0.8742899894714355 0.1520000022649765
v 0.8114299774169922 0.9042900204658508 0.1520000022649765
v 0.7857099771499634 0.9142900109291077 0.1520000022649765
v 0.7428600192070007 0.9142900109291077 0.1520000022649765
v 0.7200000286102295 0.9100000262260437 0.1520000022649765
v 0.6942899823188782 0.8971400260925293 0.1520000022649765
v 0.6528599858283997 0.8571400046348572 0.1520000022649765
v 0.5542899966239929 0.75 0.1520000022649765
v 0.4857099950313568 0.6971399784088135 0.1520000022649765
v 0.37856999039649963 0.6457099914550781 0.1520000022649765
v 0.33570998907089233 0.6299999952316284 0.1520000022649765
v 0.31428998708724976 0.6342899799346924 0.1520000022649765
v 0.29857000708580017 0.6442899703979492 0.1520000022649765
v 0.27285999059677124 0.6700000166893005 0.1520000022649765
v 0.2357099950313568 0.7342900037765503 0.1520000022649765
v 0.15000000596046448 0.9014300107955933 0.1520000022649765
v 0.12143000215291977 0.9671400189399719 0.1520000022649765
v 0.12143000215291977 0.9971399903297424 0.1520000022649765
v 0.132860004901886 1.0271400213241577 0.1520000022649765
v 0.16714000701904297 1.0871399641036987 0.1520000022649765
v 0.1742900013923645 1.1585700511932373 0.1520000022649765
v 0.1614300012588501 1.3128600120544434 0.1520000022649765
v 0.1471399962902069 1.3785699605941772 0.1520000022649765
v 0.11714000254869461 1.421429991722107 0.1520000022649765
v 0.09429000318050385 1.4428600072860718 0.1520000022649765
v 0.055709999054670334 1.4642900228500366 0.1520000022649765
v 0.03142999857664108 1.4714299440383911 -0.1520000022649765
v -0.002859999891370535 1.4714299440383911 -0.1520000022649765
v -0.03285999968647957 1.4642900228500366 -0.1520000022649765
v -0.0885699987411499 1.4428600072860718 -0.1520000022649765
v -0.12570999562740326 1.417140007019043 -0.1520000022649765
v -0.18142999708652496 1.361430048942566 -0.1520000022649765
v -0.19428999722003937 1.2971400022506714 -0.1520000022649765
v -0.1771399974822998 1.159999966621399 -0.1520000022649765
v -0.17143000662326813 1.0914299488067627 -0.1520000022649765
v -0.17143000662326813 1.022860050201416 -0.1520000022649765
v -0.17570999264717102 0.9928600192070007 -0.1520000022649765
v -0.18856999278068542 0.9714300036430359 -0.1520000022649765
v -0.21286000311374664 0.9485700130462646 -0.1520000022649765
v -0.27285999059677124 0.9014300107955933 -0.1520000022649765
v -0.3571400046348572 0.8628600239753723 -0.1520000022649765
v -0.550000011920929 0.7942900061607361 -0.1520000022649765
v -0.6228600144386292 0.7599999904632568 -0.1520000022649765
v -0.6485700011253357 0.7257099747657776 -0.1520000022649765
v -0.6642900109291077 0.6442899703979492 -0.1520000022649765
v -0.6857100129127502 0.43428999185562134 -0.1520000022649765
v -0.6914299726486206 0.3400000035762787 -0.1520000022649765
v -0.6871399879455566 0.2671400010585785 -0.1520000022649765
v -0.6800000071525574 0.21428999304771423 -0.1520000022649765
v -0.6628599762916565 0.12857000529766083 -0.1520000022649765
v -0.6428599953651428 0.09000000357627869 -0.1520000022649765
v -0.6000000238418579 0.05999999865889549 -0.1520000022649765
v -0.5685700178146362 0.05285999923944473 -0.1520000022649765
v -0.5171399712562561 0.06142999976873398 -0.1520000022649765
v -0.49285998940467834 0.07428999990224838 -0.1520000022649765
v -0.4714300036430359 0.10429000109434128 -0.1520000022649765
v -0.46571001410484314 0.16286000609397888 -0.1520000022649765
v -0.4699999988079071 0.308569997549057 -0.1520000022649765
v -0.46143001317977905 0.3942900002002716 -0.1520000022649765
v -0.43143001198768616 0.5057100057601929 -0.1520000022649765
v -0.40428999066352844 0.5557100176811218 -0.1520000022649765
v -0.3528600037097931 0.594290018081665 -0.1520000022649765
v -0.3214299976825714 0.6042900085449219 -0.1520000022649765
v -0.2785699963569641 0.5957099795341492 -0.1520000022649765
v -0.27142998576164246 0.49285998940467834 -0.1520000022649765
v -0.2928600013256073 0.19286000728607178 -0.1520000022649765
v -0.2942900061607361 0.037140000611543655 -0.1520000022649765
v -0.2771399915218353 -0.12999999523162842 -0.1520000022649765
v -0.28714001178741455 -0.25999999046325684 -0.1520000022649765
v -0.3342899978160858 -0.4828599989414215 -0.1520000022649765
v -0.36000001430511475 -0.5742899775505066 -0.1520000022649765
v -0.38999998569488525 -0.6257100105285645 -0.1520000022649765
v -0.441430002450943 -0.6828600168228149 -0.1520000022649765
v -0.5657100081443787 -0.8028600215911865 -0.1520000022649765
v -0.6442899703979492 -0.8700000047683716 -0.1520000022649765
v -0.7557100057601929 -0.9514300227165222 -0.1520000022649765
v -0.8071399927139282 -0.9971399903297424 -0.1520000022649765
v -0.8500000238418579 -1.0528600215911865 -0.1520000022649765
v -0.8628600239753723 -1.08856999874115 -0.1520000022649765
v -0.8585699796676636 -1.1399999856948853 -0.1520000022649765
v -0.8128600120544434 -1.1957099437713623 -0.1520000022649765
v -0.6800000071525574 -1.3114299774169922 -0.1520000022649765
v -0.6057100296020508 -1.3700000047683716 -0.1520000022649765
v -0.5157099962234497 -1.4299999475479126 -0.1520000022649765
v -0.4757100045681 -1.4428600072860718 -0.1520000022649765
v -0.4457100033760071 -1.421429991722107 -0.1520000022649765
v -0.43428999185562134 -1.3971400260925293 -0.1520000022649765
v -0.4300000071525574 -1.345710039138794 -0.1520000022649765
v -0.44714000821113586 -1.3028600215911865 -0.1520000022649765
v -0.5028600096702576 -1.2257100343704224 -0.1520000022649765
v -0.5214300155639648 -1.194290041923523 -0.1520000022649765
v -0.5214300155639648 -1.1771399974822998 -0.1520000022649765
v -0.43428999185562134 -1.08856999874115 -0.1520000022649765
v -0.17285999655723572 -0.8399999737739563 -0.1520000022649765
v -0.0757099986076355 -0.7400000095367432 -0.1520000022649765
v -0.0457100011408329 -0.6885700225830078 -0.1520000022649765
v -0.012860000133514404 -0.5971400141716003 -0.1520000022649765
v 0.055709999054670334 -0.37428998947143555 -0.1520000022649765
v 0.08570999652147293 -0.2928600013256073 -0.1520000022649765
v 0.10713999718427658 -0.27142998576164246 -0.1520000022649765
v 0.12143000215291977 -0.2642900049686432 -0.1520000022649765
v 0.14285999536514282 -0.2642900049686432 -0.1520000022649765
v 0.16714000701904297 -0.2742899954319 -0.1520000022649765
v 0.21856999397277832 -0.3042899966239929 -0.1520000022649765
v 0.25286000967025757 -0.33000001311302185 -0.1520000022649765
v 0.3042899966239929 -0.37713998556137085 -0.1520000022649765
v 0.3214299976825714 -0.40143001079559326 -0.1520000022649765
v 0.3214299976825714 -0.4271399974822998 -0.1520000022649765
v 0.27285999059677124 -0.504289984703064 -0.1520000022649765
v 0.12714000046253204 -0.7099999785423279 -0.1520000022649765
v 0.07999999821186066 -0.7942900061607361 -0.1520000022649765
v 0.08428999781608582 -0.8414300084114075 -0.1520000022649765
v 0.11570999771356583 -0.9071400165557861 -0.1520000022649765
v 0.20570999383926392 -1.0571399927139282 -0.1520000022649765
v 0.24428999423980713 -1.1157100200653076 -0.1520000022649765
v 0.27000001072883606 -1.1414300203323364 -0.1520000022649765
v 0.29857000708580017 -1.155709981918335 -0.1520000022649765
v 0.35857000946998596 -1.172860026359558 -0.1520000022649765
v 0.38857001066207886 -1.1742899417877197 -0.1520000022649765
v 0.41857001185417175 -1.16143000125885 -0.1520000022649765
v 0.43285998702049255 -1.1471400260925293 -0.1520000022649765
v 0.4457100033760071 -1.1171400547027588 -0.1520000022649765
v 0.4271399974822998 -1.0457099676132202 -0.1520000022649765
v 0.35857000946998596 -0.8614299893379211 -0.1520000022649765
v 0.33570998907089233 -0.7914299964904785 -0.1520000022649765
v 0.33570998907089233 -0.7657099962234497 -0.1520000022649765
v 0.4099999964237213 -0.6757100224494934 -0.1520000022649765
v 0.632860004901886 -0.43143001198768616 -0.1520000022649765
v 0.7185699939727783 -0.3271400034427643 -0.1520000022649765
v 0.7528600096702576 -0.25856998562812805 -0.1520000022649765
v 0.7599999904632568 -0.22285999357700348 -0.1520000022649765
v 0.7471399903297424 -0.18429000675678253 -0.1520000022649765
v 0.7342900037765503 -0.16286000609397888 -0.1520000022649765
v 0.7085700035095215 -0.13714000582695007 -0.1520000022649765
v 0.6157100200653076 -0.08570999652147293 -0.1520000022649765
v 0.3628599941730499 0.0428600013256073 -0.1520000022649765
v 0.25999999046325684 0.10000000149011612 -0.1520000022649765
v 0.2042900025844574 0.14285999536514282 -0.1520000022649765
v 0.18286000192165375 0.20570999383926392 -0.1520000022649765
v 0.1742900013923645 0.3514299988746643 -0.1520000022649765
v 0.1785700023174286 0.40428999066352844 -0.1520000022649765
v 0.20000000298023224 0.41714000701904297 -0.1520000022649765
v 0.2357099950313568 0.40428999066352844 -0.1520000022649765
v 0.3214299976825714 0.3528600037097931 -0.1520000022649765
v 0.3685699999332428 0.34143000841140747 -0.1520000022649765
v 0.4242900013923645 0.35857000946998596 -0.1520000022649765
v 0.4814299941062927 0.3942900002002716 -0.1520000022649765
v 0.5971400141716003 0.4842900037765503 -0.1520000022649765
v 0.6771399974822998 0.5642899870872498 -0.1520000022649765
v 0.8014299869537354 0.7142900228500366 -0.1520000022649765
v 0.8457099795341492 0.7842900156974792 -0.1520000022649765
v 0.8542900085449219 0.844290018081665 -0.1520000022649765
v 0.8457099795341492 0.8742899894714355 -0.1520000022649765
v 0.8114299774169922 0.9042900204658508 -0.1520000022649765
v 0.7857099771499634 0.9142900109291077 -0.1520000022649765
v 0.7428600192070007 0.9142900109291077 -0.1520000022649765
v 0.7200000286102295 0.9100000262260437 -0.1520000022649765
v 0.6942899823188782 0.8971400260925293 -0.1520000022649765
v 0.6528599858283997 0.8571400046348572 -0.1520000022649765
v 0.5542899966239929 0.75 -0.1520000022649765
v 0.4857099950313568 0.6971399784088135 -0.1520000022649765
v 0.37856999039649963 0.6457099914550781 -0.1520000022649765
v 0.33570998907089233 0.6299999952316284 -0.1520000022649765
v 0.31428998708724976 0.6342899799346924 -0.1520000022649765
v 0.29857000708580017 0.6442899703979492 -0.1520000022649765
v 0.27285999059677124 0.6700000166893005 -0.1520000022649765
v 0.2357099950313568 0.7342900037765503 -0.1520000022649765
v 0.15000000596046448 0.9014300107955933 -0.1520000022649765
v 0.12143000215291977 0.9671400189399719 -0.1520000022649765
v 0.12143000215291977 0.9971399903297424 -0.1520000022649765
v 0.132860004901886 1.0271400213241577 -0.1520000022649765
v 0.16714000701904297 1.0871399641036987 -0.1520000022649765
v 0.1742900013923645 1.1585700511932373 -0.1520000022649765
v 0.1614300012588501 1.3128600120544434 -0.1520000022649765
v 0.1471399962902069 1.3785699605941772 -0.1520000022649765
v 0.11714000254869461 1.421429991722107 -0.1520000022649765
v 0.09429000318050385 1.4428600072860718 -0.1520000022649765
v 0.055709999054670334 1.4642900228500366 -0.1520000022649765
v 0.029917379841208458 1.459021806716919 -0.1797399961948395
v -0.0014802422374486923 1.459006428718567 -0.1797399961948395
v -0.028907153755426407 1.4524314403533936 -0.1797399961948395
v -0.08291031420230865 1.431714653968811 -0.1797399961948395
v -0.11746852099895477 1.407741665840149 -0.1797399961948395
v -0.1705772876739502 1.3552277088165283 -0.1797399961948395
v -0.18179284036159515 1.2974061965942383 -0.1797399961948395
v -0.16471648216247559 1.161380648612976 -0.1797399961948395
v -0.15894082188606262 1.0919500589370728 -0.1797399961948395
v -0.15894176065921783 1.0223177671432495 -0.1797399961948395
v -0.16385123133659363 0.9889078736305237 -0.1797399961948395
v -0.17899298667907715 0.9633969068527222 -0.1797399961948395
v -0.2048739790916443 0.938953697681427 -0.1797399961948395
v -0.2664758563041687 0.8906832337379456 -0.1797399961948395
v -0.35263270139694214 0.8512009382247925 -0.1797399961948395
v -0.5454875230789185 0.7826328873634338 -0.1797399961948395
v -0.6157210469245911 0.7497391700744629 -0.1797399961948395
v -0.6368016004562378 0.7214963436126709 -0.1797399961948395
v -0.6518902778625488 0.6427097320556641 -0.1797399961948395
v -0.673259437084198 0.4331795275211334 -0.1797399961948395
v -0.6789304614067078 0.33989307284355164 -0.1797399961948395
v -0.674691379070282 0.26827186346054077 -0.1797399961948395
v -0.6676875948905945 0.2164473682641983 -0.1797399961948395
v -0.6508832573890686 0.1321488469839096 -0.1797399961948395
v -0.6336458325386047 0.09844686090946198 -0.1797399961948395
v -0.5944104194641113 0.07118064165115356 -0.1797399961948395
v -0.5687856674194336 0.06535813957452774 -0.1797399961948395
v -0.5205444097518921 0.07345746457576752 -0.1797399961948395
v -0.5014100074768066 0.08340852707624435 -0.1797399961948395
v -0.48338112235069275 0.10795345902442932 -0.1797399961948395
v -0.4782097041606903 0.16294750571250916 -0.1797399961948395
v -0.4824978709220886 0.30880114436149597 -0.1797399961948395
v -0.4736974239349365 0.39669010043144226 -0.1797399961948395
v -0.4432135224342346 0.5098811984062195 -0.1797399961948395
v -0.41364139318466187 0.56400465965271 -0.1797399961948395
v -0.3591821491718292 0.6050733327865601 -0.1797399961948395
v -0.3216688930988312 0.6167877316474915 -0.1797399961948395
v -0.26716548204421997 0.6008273363113403 -0.1797399961948395
v -0.25893786549568176 0.4924168884754181 -0.1797399961948395
v -0.2803756892681122 0.19223375618457794 -0.1797399961948395
v -0.28180480003356934 0.03774790093302727 -0.1797399961948395
v -0.2646436095237732 -0.12969930469989777 -0.1797399961948395
v -0.27480077743530273 -0.2619984745979309 -0.1797399961948395
v -0.32211291790008545 -0.4856829345226288 -0.1797399961948395
v -0.3483542799949646 -0.5788317322731018 -0.1797399961948395
v -0.38000011444091797 -0.6332101225852966 -0.1797399961948395
v -0.4325551688671112 -0.6916626691818237 -0.1797399961948395
v -0.5572343468666077 -0.8120476603507996 -0.1797399961948395
v -0.6365901827812195 -0.87984699010849 -0.1797399961948395
v -0.7480177283287048 -0.9612828493118286 -0.1797399961948395
v -0.797984778881073 -1.0056507587432861 -0.1797399961948395
v -0.8393259644508362 -1.0593650341033936 -0.1797399961948395
v -0.8504199981689453 -1.0897934436798096 -0.1797399961948395
v -0.8472427725791931 -1.1347137689590454 -0.1797399961948395
v -0.8042032718658447 -1.186692714691162 -0.1797399961948395
v -0.6719524264335632 -1.3018651008605957 -0.1797399961948395
v -0.5983947515487671 -1.3598639965057373 -0.1797399961948395
v -0.5095986127853394 -1.4190958738327026 -0.1797399961948395
v -0.4772290289402008 -1.430452585220337 -0.1797399961948395
v -0.4549737274646759 -1.4130375385284424 -0.1797399961948395
v -0.446529358625412 -1.3946006298065186 -0.1797399961948395
v -0.4423854947090149 -1.347398042678833 -0.1797399961948395
v -0.4578247368335724 -1.30934739112854 -0.1797399961948395
v -0.5131760835647583 -1.2327688932418823 -0.1797399961948395
v -0.533105731010437 -1.198754072189331 -0.1797399961948395
v -0.5310757160186768 -1.169189453125 -0.1797399961948395
v -0.4429802894592285 -1.079585075378418 -0.1797399961948395
v -0.1815728396177292 -0.8310369253158569 -0.1797399961948395
v -0.08528290688991547 -0.7319620251655579 -0.1797399961948395
v -0.057151686400175095 -0.6835363507270813 -0.1797399961948395
v -0.024755923077464104 -0.5933011174201965 -0.1797399961948395
v 0.0438183918595314 -0.37043777108192444 -0.1797399961948395
v 0.07452966272830963 -0.28726983070373535 -0.1797399961948395
v 0.0993323102593422 -0.2616683542728424 -0.1797399961948395
v 0.11897987127304077 -0.25203248858451843 -0.1797399961948395
v 0.14553144574165344 -0.2520788013935089 -0.1797399961948395
v 0.17297926545143127 -0.26323771476745605 -0.1797399961948395
v 0.22538167238235474 -0.2938089966773987 -0.1797399961948395
v 0.2609548270702362 -0.32047510147094727 -0.1797399961948395
v 0.313307523727417 -0.3684835433959961 -0.1797399961948395
v 0.33325454592704773 -0.39737653732299805 -0.1797399961948395
v 0.3327332139015198 -0.43247732520103455 -0.1797399961948395
v 0.28316351771354675 -0.5113672614097595 -0.1797399961948395
v 0.13754846155643463 -0.7169219851493835 -0.1797399961948395
v 0.0918843224644661 -0.7981646060943604 -0.1797399961948395
v 0.09620755910873413 -0.8376588225364685 -0.1797399961948395
v 0.126602903008461 -0.9010085463523865 -0.1797399961948395
v 0.2163505107164383 -1.0505802631378174 -0.1797399961948395
v 0.25422897934913635 -1.1081292629241943 -0.1797399961948395
v 0.2774154841899872 -1.1313672065734863 -0.1797399961948395
v 0.3027503490447998 -1.1439297199249268 -0.1797399961948395
v 0.3610972762107849 -1.1606181859970093 -0.1797399961948395
v 0.38623082637786865 -1.1620107889175415 -0.1797399961948395
v 0.412037193775177 -1.1507729291915894 -0.1797399961948395
v 0.42220190167427063 -1.1406089067459106 -0.1797399961948395
v 0.43322983384132385 -1.117843747138977 -0.1797399961948395
v 0.4153081476688385 -1.0497419834136963 -0.1797399961948395
v 0.3468072712421417 -0.8656594753265381 -0.1797399961948395
v 0.3235519230365753 -0.7943336367607117 -0.1797399961948395
v 0.32519108057022095 -0.758957028388977 -0.1797399961948395
v 0.4006575644016266 -0.6674052476882935 -0.1797399961948395
v 0.6235004663467407 -0.42314451932907104 -0.1797399961948395
v 0.7083017230033875 -0.3200117349624634 -0.1797399961948395
v 0.7412432432174683 -0.2539547085762024 -0.1797399961948395
v 0.7475368976593018 -0.22381973266601562 -0.1797399961948395
v 0.735650360584259 -0.18921329081058502 -0.1797399961948395
v 0.7246147990226746 -0.17077457904815674 -0.1797399961948395
v 0.7017531394958496 -0.14761759340763092 -0.1797399961948395
v 0.6099372506141663 -0.09679717570543289 -0.1797399961948395
v 0.35707494616508484 0.031779251992702484 -0.1797399961948395
v 0.2533322274684906 0.08942689001560211 -0.1797399961948395
v 0.19419261813163757 0.13549162447452545 -0.1797399961948395
v 0.17048732936382294 0.20393036305904388 -0.1797399961948395
v 0.16179291903972626 0.3511600196361542 -0.1797399961948395
v 0.16692930459976196 0.40884459018707275 -0.1797399961948395
v 0.20000000298023224 0.429639995098114 -0.1797399961948395
v 0.24155813455581665 0.41533759236335754 -0.1797399961948395
v 0.3267759680747986 0.36415913701057434 -0.1797399961948395
v 0.36787715554237366 0.35391077399253845 -0.1797399961948395
v 0.41898810863494873 0.36988988518714905 -0.1797399961948395
v 0.474077433347702 0.4043988883495331 -0.1797399961948395
v 0.5889427661895752 0.4937269389629364 -0.1797399961948395
v 0.6677942872047424 0.5725910663604736 -0.1797399961948395
v 0.7915078401565552 0.7218926548957825 -0.1797399961948395
v 0.8341306447982788 0.7889983654022217 -0.1797399961948395
v 0.8417900204658508 0.844290018081665 -0.1797399961948395
v 0.8355385661125183 0.8670241832733154 -0.1797399961948395
v 0.8044962286949158 0.8938893675804138 -0.1797399961948395
v 0.783906102180481 0.9019208550453186 -0.1797399961948395
v 0.7436743378639221 0.9018165469169617 -0.1797399961948395
v 0.7241619229316711 0.8982132077217102 -0.1797399961948395
v 0.7020224332809448 0.8873186111450195 -0.1797399961948395
v 0.6619158387184143 0.8485236167907715 -0.1797399961948395
v 0.562933623790741 0.7409701347351074 -0.1797399961948395
v 0.49208974838256836 0.6863906383514404 -0.1797399961948395
v 0.38367676734924316 0.6343007683753967 -0.1797399961948395
v 0.33789652585983276 0.6176927089691162 -0.1797399961948395
v 0.30980128049850464 0.6226237416267395 -0.1797399961948395
v 0.2904089689254761 0.6348217725753784 -0.1797399961948395
v 0.26261210441589355 0.6628424525260925 -0.1797399961948395
v 0.22466933727264404 0.7284287810325623 -0.1797399961948395
v 0.13877861201763153 0.8959226608276367 -0.1797399961948395
v 0.1094522550702095 0.9635645747184753 -0.1797399961948395
v 0.10915081948041916 0.9994791746139526 -0.1797399961948395
v 0.12171504646539688 1.0328004360198975 -0.1797399961948395
v 0.15521828830242157 1.090898036956787 -0.1797399961948395
v 0.16179399192333221 1.1582539081573486 -0.1797399961948395
v 0.1490241140127182 1.3113290071487427 -0.1797399961948395
v 0.13556599617004395 1.373848557472229 -0.1797399961948395
v 0.1074838936328888 1.4134920835494995 -0.1797399961948395
v 0.08713752031326294 1.4326086044311523 -0.1797399961948395
v 0.050537873059511185 1.4529101848602295 -0.1797399961948395
v 0.028404761105775833 1.4466136693954468 -0.19
v -0.00010048443073173985 1.4465827941894531 -0.19
v -0.024954305961728096 1.44057297706604 -0.19
v -0.077250637114048 1.4205694198608398 -0.19
v -0.10922704637050629 1.3983434438705444 -0.19
v -0.15972459316253662 1.3490253686904907 -0.19
v -0.16929566860198975 1.2976722717285156 -0.19
v -0.15229295194149017 1.1627612113952637 -0.19
v -0.14645163714885712 1.0924700498580933 -0.19
v -0.14645352959632874 1.021775484085083 -0.19
v -0.15199245512485504 0.9849556684494019 -0.19
v -0.16941596567630768 0.9553638100624084 -0.19
v -0.19688795506954193 0.9293373823165894 -0.19
v -0.26009172201156616 0.8799365162849426 -0.19
v -0.3481253981590271 0.8395418524742126 -0.19
v -0.5409750938415527 0.7709758281707764 -0.19
v -0.6085820198059082 0.7394782900810242 -0.19
v -0.6250331997871399 0.7172826528549194 -0.19
v -0.6394906044006348 0.6411294341087341 -0.19
v -0.6608088612556458 0.4320690333843231 -0.19
v -0.6664308905601501 0.3397861421108246 -0.19
v -0.6622427105903625 0.26940375566482544 -0.19
v -0.6553751230239868 0.21860472857952118 -0.19
v -0.6389065384864807 0.13572770357131958 -0.19
v -0.6244317293167114 0.10689372569322586 -0.19
v -0.5888208746910095 0.08236128091812134 -0.19
v -0.5690013766288757 0.07785627990961075 -0.19
v -0.5239488482475281 0.08548492938280106 -0.19
v -0.5099599957466125 0.09252706170082092 -0.19
v -0.4953322112560272 0.11161691695451736 -0.19
v -0.4907093942165375 0.16303500533103943 -0.19
v -0.49499571323394775 0.30903226137161255 -0.19
v -0.485964834690094 0.3990902006626129 -0.19
v -0.4549970328807831 0.5140523314476013 -0.19
v -0.4229928255081177 0.5722993016242981 -0.19
v -0.36550432443618774 0.6158566474914551 -0.19
v -0.32190775871276855 0.629285454750061 -0.19
v -0.2557609975337982 0.6059446930885315 -0.19
v -0.24644571542739868 0.49197375774383545 -0.19
v -0.26789140701293945 0.1916075199842453 -0.19
v -0.2693195939064026 0.03835580497980118 -0.19
v -0.25214722752571106 -0.12939859926700592 -0.19
v -0.2624615728855133 -0.263996958732605 -0.19
v -0.30993586778640747 -0.48850587010383606 -0.19
v -0.33670854568481445 -0.5833734273910522 -0.19
v -0.3700002133846283 -0.6407102942466736 -0.19
v -0.4236803352832794 -0.7004653811454773 -0.19
v -0.5487586259841919 -0.8212352991104126 -0.19
v -0.6288903951644897 -0.8896939158439636 -0.19
v -0.740325391292572 -0.971135675907135 -0.19
v -0.7888296246528625 -1.014161467552185 -0.19
v -0.8286519646644592 -1.0658700466156006 -0.19
v -0.8379800319671631 -1.0910168886184692 -0.19
v -0.8359155058860779 -1.1294276714324951 -0.19
v -0.7955465316772461 -1.177675485610962 -0.19
v -0.6639048457145691 -1.2923003435134888 -0.19
v -0.5910795331001282 -1.3497281074523926 -0.19
v -0.503487229347229 -1.4081916809082031 -0.19
v -0.47874802350997925 -1.4180452823638916 -0.19
v -0.4642374515533447 -1.4046450853347778 -0.19
v -0.45876869559288025 -1.3920612335205078 -0.19
v -0.4547709822654724 -1.3490861654281616 -0.19
v -0.4685094654560089 -1.315834879875183 -0.19
v -0.5234922170639038 -1.2398277521133423 -0.19
v -0.5447814464569092 -1.2032181024551392 -0.19
v -0.5407214164733887 -1.1612390279769897 -0.19
v -0.4516705870628357 -1.070600152015686 -0.19
v -0.19028568267822266 -0.8220738768577576 -0.19
v -0.09485580772161484 -0.7239239811897278 -0.19
v -0.06859337538480759 -0.6785026788711548 -0.19
v -0.0366518460214138 -0.5894622206687927 -0.19
v 0.03192678466439247 -0.36658555269241333 -0.19
v 0.06334932148456573 -0.2816796600818634 -0.19
v 0.0915246233344078 -0.25190669298171997 -0.19
v 0.11652973294258118 -0.23977495729923248 -0.19
v 0.14820289611816406 -0.23986759781837463 -0.19
v 0.17881853878498077 -0.2521854341030121 -0.19
v 0.23219333589076996 -0.28332802653312683 -0.19
v 0.26904967427253723 -0.3109501898288727 -0.19
v 0.32232505083084106 -0.35982707142829895 -0.19
v 0.34507906436920166 -0.3933230936527252 -0.19
v 0.3440364599227905 -0.4378146529197693 -0.19
v 0.29346704483032227 -0.5184444785118103 -0.19
v 0.14795692265033722 -0.7238439917564392 -0.19
v 0.10376865416765213 -0.8020392656326294 -0.19
v 0.10812512785196304 -0.8338876962661743 -0.19
v 0.13749580085277557 -0.8948770761489868 -0.19
v 0.22699101269245148 -1.044020652770996 -0.19
v 0.2641679346561432 -1.1005486249923706 -0.19
v 0.2848309874534607 -1.1213043928146362 -0.19
v 0.30693069100379944 -1.1321494579315186 -0.19
v 0.3636245131492615 -1.1483763456344604 -0.19
v 0.38389164209365845 -1.1497316360473633 -0.19
v 0.40550437569618225 -1.1401159763336182 -0.19
v 0.4115437865257263 -1.1340779066085815 -0.19
v 0.4207496643066406 -1.1185475587844849 -0.19
v 0.4034762978553772 -1.0537739992141724 -0.19
v 0.3350445628166199 -0.8698889017105103 -0.19
v 0.3113938271999359 -0.7972372174263 -0.19
v 0.3146721422672272 -0.7522041201591492 -0.19
v 0.3913151025772095 -0.6591005325317383 -0.19
v 0.6141409277915955 -0.41485902667045593 -0.19
v 0.6980334520339966 -0.3128834366798401 -0.19
v 0.729626476764679 -0.24933941662311554 -0.19
v 0.7350738048553467 -0.22477947175502777 -0.19
v 0.7241607904434204 -0.1941365897655487 -0.19
v 0.7149395942687988 -0.1786891520023346 -0.19
v 0.694936215877533 -0.15809519588947296 -0.19
v 0.6041645407676697 -0.10788435488939285 -0.19
v 0.35128986835479736 0.02069850079715252 -0.19
v 0.24666443467140198 0.0788537859916687 -0.19
v 0.18409524857997894 0.1281232386827469 -0.19
v 0.15811467170715332 0.20215071737766266 -0.19
v 0.149295836687088 0.35089004039764404 -0.19
v 0.15528862178325653 0.41339918971061707 -0.19
v 0.20000000298023224 0.44214001297950745 -0.19
v 0.2474062740802765 0.42638519406318665 -0.19
v 0.33212190866470337 0.375458300113678 -0.19
v 0.3671843111515045 0.3663915693759918 -0.19
v 0.41368624567985535 0.3812097907066345 -0.19
v 0.46672487258911133 0.41450780630111694 -0.19
v 0.5807455778121948 0.5031638741493225 -0.19
v 0.6584485173225403 0.5808920860290527 -0.19
v 0.7815856337547302 0.7294952869415283 -0.19
v 0.8225513100624084 0.7937067151069641 -0.19
v 0.829289972782135 0.844290018081665 -0.19
v 0.8253670930862427 0.8597583770751953 -0.19
v 0.7975624799728394 0.8834887146949768 -0.19
v 0.7821022272109985 0.8895516991615295 -0.19
v 0.7444887161254883 0.8893430829048157 -0.19
v 0.7283238172531128 0.8864263892173767 -0.19
v 0.7097548842430115 0.8774972558021545 -0.19
v 0.6709716320037842 0.8399072289466858 -0.19
v 0.5715771913528442 0.7319402694702148 -0.19
v 0.4984695017337799 0.6756412982940674 -0.19
v 0.3887835443019867 0.6228914856910706 -0.19
v 0.3400830328464508 0.605385422706604 -0.19
v 0.3053125739097595 0.6109575033187866 -0.19
v 0.28224796056747437 0.6253535151481628 -0.19
v 0.25236424803733826 0.6556848287582397 -0.19
v 0.21362866461277008 0.722567617893219 -0.19
v 0.12755723297595978 0.890415370464325 -0.19
v 0.09747451543807983 0.9599891304969788 -0.19
v 0.09687164425849915 1.0018184185028076 -0.19
v 0.11057010293006897 1.0384608507156372 -0.19
v 0.14329656958580017 1.094655990600586 -0.19
v 0.14929799735546112 1.15793776512146 -0.19
v 0.1366182267665863 1.309798002243042 -0.19
v 0.12399199604988098 1.3691270351409912 -0.19
v 0.09782779216766357 1.4055542945861816 -0.19
v 0.07998504489660263 1.4223570823669434 -0.19
v 0.04536574333906174 1.441530466079712 -0.19
vn 0 0 1
vn 0 0 1
vn 0 0 1
vn 0 0 1
vn 0 0 1
vn 0 0 1
vn 0 0 1
vn 0 0 1
vn 0 0 1
vn 0 0 1
vn 0 0 1
vn 0 0 1
vn 0 0 1
vn 0 0 1
vn 0 0 1
vn 0 0 1
vn 0 0 1
vn 0 0 1
vn 0 0 1
vn 0 0 1
vn 0 0 1
vn 0 0 1
vn 0 0 1
vn 0 0 1
vn 0 0 1
vn 0 0 1
vn 0 0 1
vn 0 0 1
vn 0 0 1
vn 0 0 1
vn 0 0 1
vn 0 0 1
vn 0 0 1
vn 0 0 1
vn 0 0 1
vn 0 0 1
vn 0 0 1
vn 0 0 1
vn 0 0 1
vn 0 0 1
vn 0 0 1
vn 0 0 1
vn 0 0 1
vn 0 0 1
vn 0 0 1
vn 0 0 1
vn 0 0 1
vn 0 0 1
vn 0 0 1
vn 0 0 1
vn 0 0 1
vn 0 0 1
vn 0 0 1
vn 0 0 1
vn 0 0 1
vn 0 0 1
vn 0 0 1
vn 0 0 1
vn 0 0 1
vn 0 0 1
vn 0 0 1
vn 0 0 1
vn 0 0 1
vn 0 0 1
vn 0 0 1
vn 0 0 1
vn 0 0 1
vn 0 0 1
vn 0 0 1
vn 0 0 1
vn 0 0 1
vn 0 0 1
vn 0 0 1
vn 0 0 1
vn 0 0 1
vn 0 0 1
vn 0 0 1
vn 0 0 1
vn 0 0 1
vn 0 0 1
vn 0 0 1
vn 0 0 1
vn 0 0 1
vn 0 0 1
vn 0 0 1
vn 0 0 1
vn 0 0 1
vn 0 0 1
vn 0 0 1
vn 0 0 1
vn 0 0 1
vn 0 0 1
vn 0 0 1
vn 0 0 1
vn 0 0 1
vn 0 0 1
vn 0 0 1
vn 0 0 1
vn 0 0 1
vn 0 0 1
vn 0 0 1
vn 0 0 1
vn 0 0 1
vn 0 0 1
vn 0 0 1
vn 0 0 1
vn 0 0 1
vn 0 0 1
vn 0 0 1
vn 0 0 1
vn 0 0 1
vn 0 0 1
vn 0 0 1
vn 0 0 1
vn 0 0 1
vn 0 0 1
vn 0 0 1
vn 0 0 1
vn 0 0 1
vn 0 0 1
vn 0 0 1
vn 0 0 1
vn 0 0 1
vn 0 0 1
vn 0 0 1
vn 0 0 1
vn 0 0 1
vn 0 0 1
vn 0 0 1
vn 0 0 1
vn 0 0 1
vn 0 0 1
vn 0 0 1
vn 0 0 1
vn 0 0 1
vn 0 0 1
vn 0 0 1
vn 0 0 1
vn 0 0 1
vn 0 0 1
vn 0 0 1
vn 0 0 1
vn 0 0 1
vn 0 0 1
vn 0 0 1
vn 0 0 1
vn 0 0 1
vn 0 0 1
vn 0 0 1
vn 0 0 1
vn 0 0 1
vn 0 0 1
vn 0 0 -1
vn 0 0 -1
vn 0 0 -1
vn 0 0 -1
vn 0 0 -1
vn 0 0 -1
vn 0 0 -1
vn 0 0 -1
vn 0 0 -1
vn 0 0 -1
vn 0 0 -1
vn 0 0 -1
vn 0 0 -1
vn 0 0 -1
vn 0 0 -1
vn 0 0 -1
vn 0 0 -1
vn 0 0 -1
vn 0 0 -1
vn 0 0 -1
vn 0 0 -1
vn 0 0 -1
vn 0 0 -1
vn 0 0 -1
vn 0 0 -1
vn 0 0 -1
vn 0 0 -1
vn 0 0 -1
vn 0 0 -1
vn 0 0 -1
vn 0 0 -1
vn 0 0 -1
vn 0 0 -1
vn 0 0 -1
vn 0 0 -1
vn 0 0 -1
vn 0 0 -1
vn 0 0 -1
vn 0 0 -1
vn 0 0 -1
vn 0 0 -1
vn 0 0 -1
vn 0 0 -1
vn 0 0 -1
vn 0 0 -1
vn 0 0 -1
vn 0 0 -1
vn 0 0 -1
vn 0 0 -1
vn 0 0 -1
vn 0 0 -1
vn 0 0 -1
vn 0 0 -1
vn 0 0 -1
vn 0 0 -1
vn 0 0 -1
vn 0 0 -1
vn 0 0 -1
vn 0 0 -1
vn 0 0 -1
vn 0 0 -1
vn 0 0 -1
vn 0 0 -1
vn 0 0 -1
vn 0 0 -1
vn 0 0 -1
vn 0 0 -1
vn 0 0 -1
vn 0 0 -1
vn 0 0 -1
vn 0 0 -1
vn 0 0 -1
vn 0 0 -1
vn 0 0 -1
vn 0 0 -1
vn 0 0 -1
vn 0 0 -1
vn 0 0 -1
vn 0 0 -1
vn 0 0 -1
vn 0 0 -1
vn 0 0 -1
vn 0 0 -1
vn 0 0 -1
vn 0 0 -1
vn 0 0 -1
vn 0 0 -1
vn 0 0 -1
vn 0 0 -1
vn 0 0 -1
vn 0 0 -1
vn 0 0 -1
vn 0 0 -1
vn 0 0 -1
vn 0 0 -1
vn 0 0 -1
vn 0 0 -1
vn 0 0 -1
vn 0 0 -1
vn 0 0 -1
vn 0 0 -1
vn 0 0 -1
vn 0 0 -1
vn 0 0 -1
vn 0 0 -1
vn 0 0 -1
vn 0 0 -1
vn 0 0 -1
vn 0 0 -1
vn 0 0 -1
vn 0 0 -1
vn 0 0 -1
vn 0 0 -1
vn 0 0 -1
vn 0 0 -1
vn 0 0 -1
vn 0 0 -1
vn 0 0 -1
vn 0 0 -1
vn 0 0 -1
vn 0 0 -1
vn 0 0 -1
vn 0 0 -1
vn 0 0 -1
vn 0 0 -1
vn 0 0 -1
vn 0 0 -1
vn 0 0 -1
vn 0 0 -1
vn 0 0 -1
vn 0 0 -1
vn 0 0 -1
vn 0 0 -1
vn 0 0 -1
vn 0 0 -1
vn 0 0 -1
vn 0 0 -1
vn 0 0 -1
vn 0 0 -1
vn 0 0 -1
vn 0 0 -1
vn 0 0 -1
vn 0 0 -1
vn 0 0 -1
vn 0 0 -1
vn 0 0 -1
vn 0 0 -1
vn 0 0 -1
vn 0 0 -1
vn 0 0 -1
vn 0 0 -1
vn 0 0 -1
vn 0 0 1
vn 0 0 1
vn 0 0 1
vn 0 0 1
vn 0 0 1
vn 0 0 1
vn 0 0 1
vn 0 0 1
vn 0 0 1
vn 0 0 1
vn 0 0 1
vn 0 0 1
vn 0 0 1
vn 0 0 1
vn 0 0 1
vn 0 0 1
vn 0 0 1
vn 0 0 1
vn 0 0 1
vn 0 0 1
vn 0 0 1
vn 0 0 1
vn 0 0 1
vn 0 0 1
vn 0 0 1
vn 0 0 1
vn 0 0 1
vn 0 0 1
vn 0 0 1
vn 0 0 1
vn 0 0 1
vn 0 0 1
vn 0 0 1
vn 0 0 1
vn 0 0 1
vn 0 0 1
vn 0 0 1
vn 0 0 1
vn 0 0 1
vn 0 0 1
vn 0 0 1
vn 0 0 1
vn 0 0 1
vn 0 0 1
vn 0 0 1
vn 0 0 1
vn 0 0 1
vn 0 0 1
vn 0 0 1
vn 0 0 1
vn 0 0 1
vn 0 0 1
vn 0 0 1
vn 0 0 1
vn 0 0 1
vn 0 0 1
vn 0 0 1
vn 0 0 1
vn 0 0 1
vn 0 0 1
vn 0 0 1
vn 0 0 1
vn 0 0 1
vn 0 0 1
vn 0 0 1
vn 0 0 1
vn 0 0 1
vn 0 0 1
vn 0 0 1
vn 0 0 1
vn 0 0 1
vn 0 0 1
vn 0 0 1
vn 0 0 1
vn 0 0 1
vn 0 0 1
vn 0 0 1
vn 0 0 1
vn 0 0 1
vn 0 0 1
vn 0 0 1
vn 0 0 1
vn 0 0 1
vn 0 0 1
vn 0 0 1
vn 0 0 1
vn 0 0 1
vn 0 0 1
vn 0 0 1
vn 0 0 1
vn 0 0 1
vn 0 0 1
vn 0 0 1
vn 0 0 1
vn 0 0 1
vn 0 0 1
vn 0 0 1
vn 0 0 1
vn 0 0 1
vn 0 0 1
vn 0 0 1
vn 0 0 1
vn 0 0 1
vn 0 0 1
vn 0 0 1
vn 0 0 1
vn 0 0 1
vn 0 0 1
vn 0 0 1
vn 0 0 1
vn 0 0 1
vn 0 0 1
vn 0 0 1
vn 0 0 1
vn 0 0 1
vn 0 0 1
vn 0 0 1
vn 0 0 1
vn 0 0 1
vn 0 0 1
vn 0 0 1
vn 0 0 1
vn 0 0 1
vn 0 0 1
vn 0 0 1
vn 0 0 1
vn 0 0 1
vn 0 0 1
vn 0 0 1
vn 0 0 1
vn 0 0 1
vn 0 0 1
vn 0 0 1
vn 0 0 1
vn 0 0 1
vn 0 0 1
vn 0 0 1
vn 0 0 1
vn 0 0 1
vn 0 0 1
vn 0 0 1
vn 0 0 1
vn 0 0 1
vn 0 0 1
vn 0 0 1
vn 0 0 1
vn 0 0 1
vn 0 0 1
vn 0 0 1
vn 0 0 1
vn 0 0 1
vn 0 0 1
vn 0.04298474705066481 0.35260738800467756 0.9347835800042216
vn -0.03920915768474416 0.35304716212287734 0.934783580980451
vn -0.11232971583537556 0.3369891475061267 0.9347835842607837
vn -0.16083357076738408 0.3167210419534729 0.9347835814230583
vn -0.2342015331990047 0.2670754520693634 0.9347835817712999
vn -0.3084058895216912 0.1762539672691621 0.9347835826169688
vn -0.35513720572743235 -0.007563613494441862 0.9347835882486482
vn -0.35304452661991226 -0.039232890775957444 0.9347835805709703
vn -0.35491026311072893 -0.014777143851705447 0.9347835798505766
vn -0.3548833712358497 0.015409361694037301 0.9347835815804963
vn -0.3369957052906001 0.11231005532491489 0.9347835824877359
vn -0.272154098381659 0.22828008579129602 0.9347835841333463
vn -0.22694215216492597 0.27327076706901177 0.9347835832085764
vn -0.18142089736348366 0.30539500456626895 0.9347835841443713
vn -0.12808593958091666 0.33132105281146934 0.9347835856740174
vn -0.12823221569167786 0.3312644808684664 0.934783580607698
vn -0.20287131528172545 0.29158682784845075 0.9347835852544376
vn -0.3344272275253852 0.11974176702561197 0.9347835785460012
vn -0.3523676627557379 0.044907469682385084 0.9347835842647134
vn -0.35381324014464377 0.03155703830554111 0.9347835816015018
vn -0.35520476335696816 0.00303884414273896 0.9347835800412823
vn -0.35375849599042297 -0.03216498014907686 0.9347835795341098
vn -0.3498873218853945 -0.06130666600292055 0.934783587087125
vn -0.3403474804931275 -0.10170171565354905 0.9347835864814406
vn -0.2618423093598423 -0.24003803631368598 0.9347835825215237
vn -0.1588410986122057 -0.31772496174050435 0.9347835867614827
vn 0.006129444432589998 -0.35516487391552143 0.9347835804332034
vn 0.0967448120205143 -0.3417895529789125 0.9347835807402644
vn 0.24296876897868477 -0.25912511628722046 0.9347835853341225
vn 0.3396197622493815 -0.10410608833890506 0.9347835789424446
vn 0.35520904747157866 -0.002486532796564086 0.9347835844456114
vn 0.35515702820872874 -0.006568171912299081 0.9347835816014713
vn 0.3486083962955232 -0.06820444634878114 0.9347835789799259
vn 0.3348572393913854 -0.11853390186013553 0.9347835810159442
vn 0.265742835750813 -0.2357125174430539 0.934783586916124
vn 0.1796595266232945 -0.3064345001675146 0.9347835854359976
vn 0.006788492132729407 -0.35515286804779694 0.9347835881593064
vn -0.32408671954937557 -0.14542166398543854 0.9347835780839491
vn -0.35499447659221445 0.012592457022354628 0.9347835854437966
vn -0.35477167096344325 0.017796192861719476 0.9347835883248244
vn -0.354797452257576 -0.017275028240915424 0.9347835799107773
vn -0.3551149539799174 -0.008545035532362294 0.934783585557423
vn -0.35064845733749683 0.05679181252441508 0.9347835842573539
vn -0.34604090851985675 0.0802206239933877 0.9347835798284346
vn -0.33094141204061267 0.12906368341596894 0.9347835831996986
vn -0.28417104789073616 0.2131348443417371 0.9347835865418823
vn -0.2521998102004062 0.25014976375295384 0.9347835853443408
vn -0.24085694116758918 0.26108922896776354 0.9347835837285607
vn -0.2188088540979692 0.2798255381602963 0.934783586484933
vn -0.2185952558568433 0.27999243323363915 0.9347835853548068
vn -0.2601669175952803 0.24185289380386715 0.9347835860495551
vn -0.30332778345982997 0.18485644825626293 0.9347835842158472
vn -0.35351224205783616 0.03476704235093247 0.9347835832327236
vn -0.3218908156952961 -0.1502197199202127 0.9347835784384051
vn -0.24600169422572174 -0.2562475840729481 0.9347835803515441
vn -0.22869166313009123 -0.27180835724710095 0.9347835793088286
vn -0.2078799746874552 -0.288037433229417 0.9347835862821684
vn -0.17366945491091473 -0.3098686288594717 0.9347835863341295
vn 0.04316650023833959 -0.352585169286854 0.9347835854657129
vn 0.263251112656823 -0.23849214996560883 0.9347835824883352
vn 0.34781072541622926 -0.07216199855294111 0.9347835820393304
vn 0.35196364557489457 0.04797128666926992 0.9347835834293008
vn 0.30363249555424004 0.18435552241112824 0.9347835840450046
vn 0.2931571653312837 0.20059543697140206 0.9347835830186463
vn 0.331793798353581 0.12685631000465794 0.9347835856422091
vn 0.2741059940233962 -0.22593262010695372 0.9347835873677142
vn 0.24695575105174405 -0.25532823769582674 0.9347835835409244
vn 0.247596561021522 -0.2547068655859297 0.9347835875718543
vn 0.27203724561529646 -0.22841931086320996 0.9347835874804495
vn 0.3251431964220147 -0.14304389176516905 0.9347835828945382
vn 0.33805143146390937 -0.1090911793831583 0.9347835815128513
vn 0.3379288280593653 -0.10947037012963357 0.9347835820285383
vn 0.31771642459644206 -0.15885821229822103 0.9347835802617988
vn 0.2218743619401119 -0.2774011958689485 0.9347835813941884
vn 0.06962642670252184 -0.348327164261896 0.9347835831581043
vn -0.07591571532792263 -0.34701074747649524 0.9347835820670226
vn -0.16593702785262912 -0.31407730892527186 0.9347835828712949
vn -0.19357000267907432 -0.297842754815827 0.9347835832247711
vn -0.23003422449604327 -0.27067306251307155 0.9347835839328259
vn -0.2562545931139145 -0.24599437350377415 0.9347835854958663
vn -0.3360226921237628 -0.1151885742002509 0.9347835807028342
vn -0.3212085305739872 0.1516731297524597 0.934783580085569
vn -0.292799475936453 0.20111719049971688 0.934783580609351
vn -0.29578167224812435 0.19670500365566934 0.9347835813165132
vn -0.3377218921078179 0.11010715074445845 0.9347835786673045
vn -0.3386663957828078 -0.10716682851397741 0.9347835809607155
vn -0.30954813262710185 -0.17424009657426048 0.9347835804788541
vn -0.30237573232243276 -0.18640970060357212 0.9347835792435376
vn -0.28243989263035824 -0.21542367360280618 0.9347835834579165
vn -0.2107292056114368 -0.2859595211289343 0.9347835868146613
vn -0.11879480905361381 -0.3347647632532589 0.9347835827751282
vn -0.07181828053760414 -0.34788185124771565 0.9347835857315234
vn 0.06647356170597696 -0.34894257720366645 0.9347835810542379
vn 0.18564576536570615 -0.3028453355874924 0.9347835859249352
vn 0.30287582013112735 -0.18559605210513916 0.9347835808479327
vn 0.3546542479452774 0.020000220007805623 0.9347835875827138
vn 0.3362308250447173 0.11457961418511399 0.934783581532613
vn 0.3342662947864762 0.12019021910545642 0.9347835874688339
vn 0.34550141209403146 0.08251319016476827 0.9347835833442214
vn 0.29892064275526425 -0.19190127350968497 0.9347835848794847
vn 0.26548822565123414 -0.2359992467680068 0.9347835886265295
vn 0.26597369688977296 -0.23545200606338193 0.9347835821212931
vn 0.29179813510290037 -0.20256726213107615 0.93478358600437
vn 0.330118344820751 -0.13115460769532844 0.9347835831319954
vn 0.3541692208216315 0.027273126063479636 0.9347835790263561
vn 0.3265050731708763 0.13990742323980412 0.9347835846419635
vn 0.27494415363116065 0.22491190100487812 0.9347835841361445
vn 0.19371837627025118 0.2977462658777193 0.9347835855699925
vn 0.16404622607018393 0.3150690098926016 0.9347835871031464
vn 0.16439666730368288 0.31488630200694984 0.9347835859640616
vn 0.18948128997142957 0.3004604646908794 0.934783584530935
vn 0.28694133696078855 0.20939035797361358 0.934783583045208
vn 0.35159925016816646 0.050572843586778916 0.9347835871327279
vn 0.355134897086923 0.007672115200181048 0.9347835811135196
vn 0.3307984156492894 -0.1294297277786568 0.9347835865969527
vn 0 -0.3552177606235726 0.9347835805883489
vn -0.1661889583103767 -0.3139440743686727 0.9347835836729854
vn -0.15191841276491416 -0.3210925772837429 0.934783586011368
vn 0.019688657264573292 -0.35467170381478014 0.9347835788503344
vn 0.15066566294213365 -0.3216823240542546 0.9347835794456709
vn 0.2089408823509825 -0.2872687803667334 0.9347835875265474
vn 0.2329438138028682 -0.26817313521437774 0.934783584130715
vn 0.26558159895120886 -0.23589419052764207 0.9347835819984366
vn 0.2819628931953714 -0.2160476511480098 0.9347835788535888
vn 0.3290554315784832 -0.1337990002951598 0.9347835848305821
vn 0.3552177606235726 0 0.9347835805883489
vn 0.28904605285814033 0.2064752441507708 0.9347835861203431
vn 0.19703936309267658 0.2955590446390149 0.9347835795113782
vn 0.05126141432636458 0.35149952543656887 0.9347835851249892
vn -0.023141787251695786 0.35446312438780503 0.93478358518538
vn -0.11827050984822866 0.3349503466654977 0.9347835855260312
vn -0.21973645110065415 0.2790977319393701 0.934783583555033
vn -0.2573430809477758 0.24485545299477782 0.9347835823478228
vn -0.2456286436755651 0.25660518388588227 0.9347835840498029
vn -0.18129619662306737 0.30546906241257904 0.9347835797652791
vn -0.1451214303265528 0.324221245210602 0.934783587047859
vn -0.0621350969275461 0.34974117671071303 0.9347835787190585
vn 0.12755761225062498 0.33152481345179013 0.9347835865175826
vn 0.23191518865936112 0.26906319326134703 0.9347835809967461
vn 0.2912183871783034 0.2033998666279234 0.9347835820258136
vn 0.3137473502554118 0.16656007752618068 0.9347835796494184
vn 0.31888274583629667 0.15650384299117998 0.934783580053103
vn 0.3403765571753526 0.10160440931426705 0.9347835810139976
vn 0.34894257720366645 -0.06647356170597696 0.9347835810542379
vn 0.3167107399348282 -0.1608538598518518 0.9347835808253664
vn 0.3387843872216862 -0.10679324533787717 0.9347835801537331
vn 0.3551041432943783 0.008983008718546442 0.9347835861682254
vn 0.35254330392216454 0.0435070517195097 0.9347835874202757
vn 0.32890324151128714 0.13417265129142322 0.9347835885213208
vn 0.2744015714310571 0.22557355318515757 0.9347835844191901
vn 0.20325499722387663 0.29131951850594956 0.9347835814994739
vn 0.14697852660463886 0.3233836220526664 0.9347835822826734
vn 0.12100957296008664 0.99265134022577 0
vn -0.11038061956557164 0.9938893896326294 0
vn -0.31622775707614137 0.9486833010307459 0
vn -0.45277457339544863 0.8916250252693502 0
vn -0.6593182090386164 0.7518640164485273 0
vn -0.868216432484269 0.4961856773066802 0
vn -0.9997732806408341 -0.02129289357188947 0
vn -0.9938819663961962 -0.11044743941092669 0
vn -0.9991343352802082 -0.04160024115526731 0
vn -0.9990586428368141 0.043380043488494564 0
vn -0.9487017440739071 0.3161724225658004 0
vn -0.7661613288772319 0.6426482849374722 0
vn -0.6388817914571049 0.7693049177956424 0
vn -0.5107315198743507 0.8597402599662501 0
vn -0.3605842924326702 0.9327266309325742 0
vn -0.36099606066385653 0.9325673402951539 0
vn -0.5711181828658607 0.8208678463674877 0
vn -0.94147100034247 0.3370939861732169 0
vn -0.9919765031849623 0.12642237590289984 0
vn -0.9960460375742296 0.08883856725925157 0
vn -0.9999634063718105 0.008554876813001528 0
vn -0.9958919075214099 -0.09055003331510726 0
vn -0.9849939345597761 -0.1725889593237402 0
vn -0.9581376135061935 -0.2863080746061065 0
vn -0.7371318427137079 -0.6757489522429859 0
vn -0.44716543429816974 -0.8944512699800529 0
vn 0.01725545535818076 -0.9998511135466029 0
vn 0.2723535599799887 -0.9621972450419023 0
vn 0.6839995228835797 -0.729482455371639 0
vn 0.9560888985423192 -0.29307681260061336 0
vn 0.9999754995289951 -0.007000024409719181 0
vn 0.9998290351530404 -0.01849055069326801 0
vn 0.9813934700132086 -0.19200744000020756 0
vn 0.9426815788120783 -0.33369363339501595 0
vn 0.7481125105768591 -0.663571903804244 0
vn 0.5057729349378856 -0.8626666437763298 0
vn 0.01911079140010505 -0.999817372149565 0
vn -0.912360672172275 -0.4093873518727151 0
vn -0.999371452544183 0.035449962478537274 0
vn -0.9987442372331615 0.05009938715742867 0
vn -0.9988167533403725 -0.04863222436407294 0
vn -0.9997106181474963 -0.024055767773051687 0
vn -0.9871366394608819 0.1598788761340183 0
vn -0.9741655515917722 0.22583506833948097 0
vn -0.9316578691246253 0.36333677889550636 0
vn -0.7999911593519323 0.6000117873498415 0
vn -0.7099865329118404 0.7042152533734441 0
vn -0.6780543462216843 0.735011771041719 0
vn -0.6159851579357373 0.7877577579452231 0
vn -0.615383802797334 0.7882276163994075 0
vn -0.7324153188342902 0.6808581355443033 0
vn -0.8539207007716542 0.5204031483317978 0
vn -0.9951986873440393 0.09787529161489499 0
vn -0.9061788244848218 -0.42289471273037565 0
vn -0.6925377228723896 -0.721381662089303 0
vn -0.643806930641646 -0.7651879743290424 0
vn -0.5852184197411933 -0.8108757002128133 0
vn -0.4889098489578946 -0.8723343164131334 0
vn 0.12152123620138335 -0.9925888318695146 0
vn 0.7410978594983076 -0.6713970231145105 0
vn 0.9791479145527088 -0.20314861906269815 0
vn 0.9908391201665596 0.1350475395835033 0
vn 0.854778474906056 0.5189930238811282 0
vn 0.8252886144422217 0.5647111676530205 0
vn 0.9340574932615511 0.35712266699545614 0
vn 0.7716562650202471 -0.636039785434058 0
vn 0.6952235664609665 -0.7187935674707266 0
vn 0.6970275536251962 -0.7170443427621991 0
vn 0.7658323796374903 -0.6430402524716312 0
vn 0.9153348775007978 -0.40269350880117183 0
vn 0.9516737909543289 -0.3071107220704228 0
vn 0.9513286422872836 -0.30817821850973376 0
vn 0.8944271909999159 -0.4472135954999579 0
vn 0.6246150722904104 -0.7809327829382279 0
vn 0.19601054494607478 -0.9806017878170236 0
vn -0.21371600557881976 -0.9768958332183804 0
vn -0.46714171887337386 -0.8841824554287592 0
vn -0.5449333120223866 -0.8384793888035129 0
vn -0.6475864637276826 -0.7619919763335273 0
vn -0.7214014556681471 -0.6925171043085352 0
vn -0.9459625348272266 -0.32427593605330607 0
vn -0.9042580754538982 0.42698633816131903 0
vn -0.824281636080636 0.5661799929529744 0
vn -0.8326770324680933 0.5537589363614187 0
vn -0.9507460589947789 0.30997085557499804 0
vn -0.9534050156423578 -0.3016933478683205 0
vn -0.8714320119588089 -0.4905163081217815 0
vn -0.8512404475175488 -0.5247758574002077 0
vn -0.7951176108694644 -0.6064552620640988 0
vn -0.5932395039329967 -0.8050260188176106 0
vn -0.3344281312839756 -0.9424212566606868 0
vn -0.20218099468968714 -0.9793481737289802 0
vn 0.18713468495857538 -0.9823342657596011 0
vn 0.5226252501748279 -0.8525625184581473 0
vn 0.8526482763478044 -0.5224853269146593 0
vn 0.9984136653056993 0.056304111136213364 0
vn 0.9465484663989758 0.32256162319430837 0
vn 0.9410180269624132 0.3383564288317381 0
vn 0.9726468058651873 0.23228902479507937 0
vn 0.8415138219958183 -0.5402355850830174 0
vn 0.747395743467207 -0.6643791106342075 0
vn 0.7487624001244448 -0.6628384932695751 0
vn 0.8214627422643856 -0.5702621880078281 0
vn 0.9293407715516073 -0.3692231443610531 0
vn 0.9970481654738484 0.0767786150254952 0
vn 0.9191687967253466 0.39386383830770566 0
vn 0.7740158078923957 0.6331662728957395 0
vn 0.5453510478138585 0.8382077514842765 0
vn 0.46181879500364165 0.8869742953329508 0
vn 0.4628053047525237 0.886459953913838 0
vn 0.533422896551821 0.8458486941730567 0
vn 0.8077899567959295 0.5894704281807784 0
vn 0.9898133102184563 0.14237138376226513 0
vn 0.9997667285361446 0.021598345124918643 0
vn 0.9312553305722766 -0.36436727251595963 0
vn 0 -1 0
vn -0.4678509379863896 -0.8838073884197026 0
vn -0.42767686274000105 -0.9039316904926336 0
vn 0.05542701138091198 -0.9984627416230315 0
vn 0.42415015524068034 -0.9055918759625147 0
vn 0.5882050822177611 -0.8087118035822136 0
vn 0.6557775072840188 -0.7549542111547948 0
vn 0.7476585433817207 -0.6640833550905515 0
vn 0.7937747250717196 -0.6082118757779363 0
vn 0.9263485040306151 -0.37666755777507777 0
vn 1 0 0
vn 0.813715154456574 0.5812638363150711 0
vn 0.5547001824703113 0.8320503035077886 0
vn 0.14430983677559925 0.989532551768662 0
vn -0.06514817283009564 0.9978756012534328 0
vn -0.3329521338067192 0.9429437292826931 0
vn -0.618596490729527 0.7857088402564363 0
vn -0.7244657144328394 0.6893108359886095 0
vn -0.6914875458607336 0.7223883816337995 0
vn -0.5103804575993947 0.85994871271526 0
vn -0.40854217953602157 0.9127394412097884 0
vn -0.1749211584366712 0.9845824436435848 0
vn 0.3590969470901095 0.9333002638971893 0
vn 0.6528817590553772 0.7574598396567018 0
vn 0.8198305941137787 0.5726061447059826 0
vn 0.8832535489993106 0.4688956900848226 0
vn 0.8977105790125386 0.4405856515241647 0
vn 0.9582194184046631 0.28603416962354206 0
vn 0.9823342657596011 -0.18713468495857538 0
vn 0.8915960085701101 -0.45283170991202504 0
vn 0.9537371751690848 -0.300641648313227 0
vn 0.999680188700286 0.025288738999021756 0
vn 0.9924709883457383 0.12247994648934761 0
vn 0.925920084730729 0.3777194682462634 0
vn 0.772488370391683 0.6350289108454842 0
vn 0.5721983080799683 0.82011529447415 0
vn 0.4137701929145683 0.9103813637456784 0
vn 0.12100957296008664 0.99265134022577 0
vn -0.11038061956557164 0.9938893896326294 0
vn -0.31622775707614137 0.9486833010307459 0
vn -0.45277457339544863 0.8916250252693502 0
vn -0.6593182090386164 0.7518640164485273 0
vn -0.868216432484269 0.4961856773066802 0
vn -0.9997732806408341 -0.02129289357188947 0
vn -0.9938819663961962 -0.11044743941092669 0
vn -0.9991343352802082 -0.04160024115526731 0
vn -0.9990586428368141 0.043380043488494564 0
vn -0.9487017440739071 0.3161724225658004 0
vn -0.7661613288772319 0.6426482849374722 0
vn -0.6388817914571049 0.7693049177956424 0
vn -0.5107315198743507 0.8597402599662501 0
vn -0.3605842924326702 0.9327266309325742 0
vn -0.36099606066385653 0.9325673402951539 0
vn -0.5711181828658607 0.8208678463674877 0
vn -0.94147100034247 0.3370939861732169 0
vn -0.9919765031849623 0.12642237590289984 0
vn -0.9960460375742296 0.08883856725925157 0
vn -0.9999634063718105 0.008554876813001528 0
vn -0.9958919075214099 -0.09055003331510726 0
vn -0.9849939345597761 -0.1725889593237402 0
vn -0.9581376135061935 -0.2863080746061065 0
vn -0.7371318427137079 -0.6757489522429859 0
vn -0.44716543429816974 -0.8944512699800529 0
vn 0.01725545535818076 -0.9998511135466029 0
vn 0.2723535599799887 -0.9621972450419023 0
vn 0.6839995228835797 -0.729482455371639 0
vn 0.9560888985423192 -0.29307681260061336 0
vn 0.9999754995289951 -0.007000024409719181 0
vn 0.9998290351530404 -0.01849055069326801 0
vn 0.9813934700132086 -0.19200744000020756 0
vn 0.9426815788120783 -0.33369363339501595 0
vn 0.7481125105768591 -0.663571903804244 0
vn 0.5057729349378856 -0.8626666437763298 0
vn 0.01911079140010505 -0.999817372149565 0
vn -0.912360672172275 -0.4093873518727151 0
vn -0.999371452544183 0.035449962478537274 0
vn -0.9987442372331615 0.05009938715742867 0
vn -0.9988167533403725 -0.04863222436407294 0
vn -0.9997106181474963 -0.024055767773051687 0
vn -0.9871366394608819 0.1598788761340183 0
vn -0.9741655515917722 0.22583506833948097 0
vn -0.9316578691246253 0.36333677889550636 0
vn -0.7999911593519323 0.6000117873498415 0
vn -0.7099865329118404 0.7042152533734441 0
vn -0.6780543462216843 0.735011771041719 0
vn -0.6159851579357373 0.7877577579452231 0
vn -0.615383802797334 0.7882276163994075 0
vn -0.7324153188342902 0.6808581355443033 0
vn -0.8539207007716542 0.5204031483317978 0
vn -0.9951986873440393 0.09787529161489499 0
vn -0.9061788244848218 -0.42289471273037565 0
vn -0.6925377228723896 -0.721381662089303 0
vn -0.643806930641646 -0.7651879743290424 0
vn -0.5852184197411933 -0.8108757002128133 0
vn -0.4889098489578946 -0.8723343164131334 0
vn 0.12152123620138335 -0.9925888318695146 0
vn 0.7410978594983076 -0.6713970231145105 0
vn 0.9791479145527088 -0.20314861906269815 0
vn 0.9908391201665596 0.1350475395835033 0
vn 0.854778474906056 0.5189930238811282 0
vn 0.8252886144422217 0.5647111676530205 0
vn 0.9340574932615511 0.35712266699545614 0
vn 0.7716562650202471 -0.636039785434058 0
vn 0.6952235664609665 -0.7187935674707266 0
vn 0.6970275536251962 -0.7170443427621991 0
vn 0.7658323796374903 -0.6430402524716312 0
vn 0.9153348775007978 -0.40269350880117183 0
vn 0.9516737909543289 -0.3071107220704228 0
vn 0.9513286422872836 -0.30817821850973376 0
vn 0.8944271909999159 -0.4472135954999579 0
vn 0.6246150722904104 -0.7809327829382279 0
vn 0.19601054494607478 -0.9806017878170236 0
vn -0.21371600557881976 -0.9768958332183804 0
vn -0.46714171887337386 -0.8841824554287592 0
vn -0.5449333120223866 -0.8384793888035129 0
vn -0.6475864637276826 -0.7619919763335273 0
vn -0.7214014556681471 -0.6925171043085352 0
vn -0.9459625348272266 -0.32427593605330607 0
vn -0.9042580754538982 0.42698633816131903 0
vn -0.824281636080636 0.5661799929529744 0
vn -0.8326770324680933 0.5537589363614187 0
vn -0.9507460589947789 0.30997085557499804 0
vn -0.9534050156423578 -0.3016933478683205 0
vn -0.8714320119588089 -0.4905163081217815 0
vn -0.8512404475175488 -0.5247758574002077 0
vn -0.7951176108694644 -0.6064552620640988 0
vn -0.5932395039329967 -0.8050260188176106 0
vn -0.3344281312839756 -0.9424212566606868 0
vn -0.20218099468968714 -0.9793481737289802 0
vn 0.18713468495857538 -0.9823342657596011 0
vn 0.5226252501748279 -0.8525625184581473 0
vn 0.8526482763478044 -0.5224853269146593 0
vn 0.9984136653056993 0.056304111136213364 0
vn 0.9465484663989758 0.32256162319430837 0
vn 0.9410180269624132 0.3383564288317381 0
vn 0.9726468058651873 0.23228902479507937 0
vn 0.8415138219958183 -0.5402355850830174 0
vn 0.747395743467207 -0.6643791106342075 0
vn 0.7487624001244448 -0.6628384932695751 0
vn 0.8214627422643856 -0.5702621880078281 0
vn 0.9293407715516073 -0.3692231443610531 0
vn 0.9970481654738484 0.0767786150254952 0
vn 0.9191687967253466 0.39386383830770566 0
vn 0.7740158078923957 0.6331662728957395 0
vn 0.5453510478138585 0.8382077514842765 0
vn 0.46181879500364165 0.8869742953329508 0
vn 0.4628053047525237 0.886459953913838 0
vn 0.533422896551821 0.8458486941730567 0
vn 0.8077899567959295 0.5894704281807784 0
vn 0.9898133102184563 0.14237138376226513 0
vn 0.9997667285361446 0.021598345124918643 0
vn 0.9312553305722766 -0.36436727251595963 0
vn 0 -1 0
vn -0.4678509379863896 -0.8838073884197026 0
vn -0.42767686274000105 -0.9039316904926336 0
vn 0.05542701138091198 -0.9984627416230315 0
vn 0.42415015524068034 -0.9055918759625147 0
vn 0.5882050822177611 -0.8087118035822136 0
vn 0.6557775072840188 -0.7549542111547948 0
vn 0.7476585433817207 -0.6640833550905515 0
vn 0.7937747250717196 -0.6082118757779363 0
vn 0.9263485040306151 -0.37666755777507777 0
vn 1 0 0
vn 0.813715154456574 0.5812638363150711 0
vn 0.5547001824703113 0.8320503035077886 0
vn 0.14430983677559925 0.989532551768662 0
vn -0.06514817283009564 0.9978756012534328 0
vn -0.3329521338067192 0.9429437292826931 0
vn -0.618596490729527 0.7857088402564363 0
vn -0.7244657144328394 0.6893108359886095 0
vn -0.6914875458607336 0.7223883816337995 0
vn -0.5103804575993947 0.85994871271526 0
vn -0.40854217953602157 0.9127394412097884 0
vn -0.1749211584366712 0.9845824436435848 0
vn 0.3590969470901095 0.9333002638971893 0
vn 0.6528817590553772 0.7574598396567018 0
vn 0.8198305941137787 0.5726061447059826 0
vn 0.8832535489993106 0.4688956900848226 0
vn 0.8977105790125386 0.4405856515241647 0
vn 0.9582194184046631 0.28603416962354206 0
vn 0.9823342657596011 -0.18713468495857538 0
vn 0.8915960085701101 -0.45283170991202504 0
vn 0.9537371751690848 -0.300641648313227 0
vn 0.999680188700286 0.025288738999021756 0
vn 0.9924709883457383 0.12247994648934761 0
vn 0.925920084730729 0.3777194682462634 0
vn 0.772488370391683 0.6350289108454842 0
vn 0.5721983080799683 0.82011529447415 0
vn 0.4137701929145683 0.9103813637456784 0
vn 0.04298474705066481 0.35260738800467756 -0.9347835800042216
vn -0.03920915768474416 0.35304716212287734 -0.934783580980451
vn -0.11232971583537556 0.3369891475061267 -0.9347835842607837
vn -0.16083357076738408 0.3167210419534729 -0.9347835814230583
vn -0.2342015331990047 0.2670754520693634 -0.9347835817712999
vn -0.3084058895216912 0.1762539672691621 -0.9347835826169688
vn -0.35513720572743235 -0.007563613494441862 -0.9347835882486482
vn -0.35304452661991226 -0.039232890775957444 -0.9347835805709703
vn -0.35491026311072893 -0.014777143851705447 -0.9347835798505766
vn -0.3548833712358497 0.015409361694037301 -0.9347835815804963
vn -0.3369957052906001 0.11231005532491489 -0.9347835824877359
vn -0.272154098381659 0.22828008579129602 -0.9347835841333463
vn -0.22694215216492597 0.27327076706901177 -0.9347835832085764
vn -0.18142089736348366 0.30539500456626895 -0.9347835841443713
vn -0.12808593958091666 0.33132105281146934 -0.9347835856740174
vn -0.12823221569167786 0.3312644808684664 -0.934783580607698
vn -0.20287131528172545 0.29158682784845075 -0.9347835852544376
vn -0.3344272275253852 0.11974176702561197 -0.9347835785460012
vn -0.3523676627557379 0.044907469682385084 -0.9347835842647134
vn -0.35381324014464377 0.03155703830554111 -0.9347835816015018
vn -0.35520476335696816 0.00303884414273896 -0.9347835800412823
vn -0.35375849599042297 -0.03216498014907686 -0.9347835795341098
vn -0.3498873218853945 -0.06130666600292055 -0.934783587087125
vn -0.3403474804931275 -0.10170171565354905 -0.9347835864814406
vn -0.2618423093598423 -0.24003803631368598 -0.9347835825215237
vn -0.1588410986122057 -0.31772496174050435 -0.9347835867614827
vn 0.006129444432589998 -0.35516487391552143 -0.9347835804332034
vn 0.0967448120205143 -0.3417895529789125 -0.9347835807402644
vn 0.24296876897868477 -0.25912511628722046 -0.9347835853341225
vn 0.3396197622493815 -0.10410608833890506 -0.9347835789424446
vn 0.35520904747157866 -0.002486532796564086 -0.9347835844456114
vn 0.35515702820872874 -0.006568171912299081 -0.9347835816014713
vn 0.3486083962955232 -0.06820444634878114 -0.9347835789799259
vn 0.3348572393913854 -0.11853390186013553 -0.9347835810159442
vn 0.265742835750813 -0.2357125174430539 -0.934783586916124
vn 0.1796595266232945 -0.3064345001675146 -0.9347835854359976
vn 0.006788492132729407 -0.35515286804779694 -0.9347835881593064
vn -0.32408671954937557 -0.14542166398543854 -0.9347835780839491
vn -0.35499447659221445 0.012592457022354628 -0.9347835854437966
vn -0.35477167096344325 0.017796192861719476 -0.9347835883248244
vn -0.354797452257576 -0.017275028240915424 -0.9347835799107773
vn -0.3551149539799174 -0.008545035532362294 -0.934783585557423
vn -0.35064845733749683 0.05679181252441508 -0.9347835842573539
vn -0.34604090851985675 0.0802206239933877 -0.9347835798284346
vn -0.33094141204061267 0.12906368341596894 -0.9347835831996986
vn -0.28417104789073616 0.2131348443417371 -0.9347835865418823
vn -0.2521998102004062 0.25014976375295384 -0.9347835853443408
vn -0.24085694116758918 0.26108922896776354 -0.9347835837285607
vn -0.2188088540979692 0.2798255381602963 -0.934783586484933
vn -0.2185952558568433 0.27999243323363915 -0.9347835853548068
vn -0.2601669175952803 0.24185289380386715 -0.9347835860495551
vn -0.30332778345982997 0.18485644825626293 -0.9347835842158472
vn -0.35351224205783616 0.03476704235093247 -0.9347835832327236
vn -0.3218908156952961 -0.1502197199202127 -0.9347835784384051
vn -0.24600169422572174 -0.2562475840729481 -0.9347835803515441
vn -0.22869166313009123 -0.27180835724710095 -0.9347835793088286
vn -0.2078799746874552 -0.288037433229417 -0.9347835862821684
vn -0.17366945491091473 -0.3098686288594717 -0.9347835863341295
vn 0.04316650023833959 -0.352585169286854 -0.9347835854657129
vn 0.263251112656823 -0.23849214996560883 -0.9347835824883352
vn 0.34781072541622926 -0.07216199855294111 -0.9347835820393304
vn 0.35196364557489457 0.04797128666926992 -0.9347835834293008
vn 0.30363249555424004 0.18435552241112824 -0.9347835840450046
vn 0.2931571653312837 0.20059543697140206 -0.9347835830186463
vn 0.331793798353581 0.12685631000465794 -0.9347835856422091
vn 0.2741059940233962 -0.22593262010695372 -0.9347835873677142
vn 0.24695575105174405 -0.25532823769582674 -0.9347835835409244
vn 0.247596561021522 -0.2547068655859297 -0.9347835875718543
vn 0.27203724561529646 -0.22841931086320996 -0.9347835874804495
vn 0.3251431964220147 -0.14304389176516905 -0.9347835828945382
vn 0.33805143146390937 -0.1090911793831583 -0.9347835815128513
vn 0.3379288280593653 -0.10947037012963357 -0.9347835820285383
vn 0.31771642459644206 -0.15885821229822103 -0.9347835802617988
vn 0.2218743619401119 -0.2774011958689485 -0.9347835813941884
vn 0.06962642670252184 -0.348327164261896 -0.9347835831581043
vn -0.07591571532792263 -0.34701074747649524 -0.9347835820670226
vn -0.16593702785262912 -0.31407730892527186 -0.9347835828712949
vn -0.19357000267907432 -0.297842754815827 -0.9347835832247711
vn -0.23003422449604327 -0.27067306251307155 -0.9347835839328259
vn -0.2562545931139145 -0.24599437350377415 -0.9347835854958663
vn -0.3360226921237628 -0.1151885742002509 -0.9347835807028342
vn -0.3212085305739872 0.1516731297524597 -0.934783580085569
vn -0.292799475936453 0.20111719049971688 -0.934783580609351
vn -0.29578167224812435 0.19670500365566934 -0.9347835813165132
vn -0.3377218921078179 0.11010715074445845 -0.9347835786673045
vn -0.3386663957828078 -0.10716682851397741 -0.9347835809607155
vn -0.30954813262710185 -0.17424009657426048 -0.9347835804788541
vn -0.30237573232243276 -0.18640970060357212 -0.9347835792435376
vn -0.28243989263035824 -0.21542367360280618 -0.9347835834579165
vn -0.2107292056114368 -0.2859595211289343 -0.9347835868146613
vn -0.11879480905361381 -0.3347647632532589 -0.9347835827751282
vn -0.07181828053760414 -0.34788185124771565 -0.9347835857315234
vn 0.06647356170597696 -0.34894257720366645 -0.9347835810542379
vn 0.18564576536570615 -0.3028453355874924 -0.9347835859249352
vn 0.30287582013112735 -0.18559605210513916 -0.9347835808479327
vn 0.3546542479452774 0.020000220007805623 -0.9347835875827138
vn 0.3362308250447173 0.11457961418511399 -0.934783581532613
vn 0.3342662947864762 0.12019021910545642 -0.9347835874688339
vn 0.34550141209403146 0.08251319016476827 -0.9347835833442214
vn 0.29892064275526425 -0.19190127350968497 -0.9347835848794847
vn 0.26548822565123414 -0.2359992467680068 -0.9347835886265295
vn 0.26597369688977296 -0.23545200606338193 -0.9347835821212931
vn 0.29179813510290037 -0.20256726213107615 -0.93478358600437
vn 0.330118344820751 -0.13115460769532844 -0.9347835831319954
vn 0.3541692208216315 0.027273126063479636 -0.9347835790263561
vn 0.3265050731708763 0.13990742323980412 -0.9347835846419635
vn 0.27494415363116065 0.22491190100487812 -0.9347835841361445
vn 0.19371837627025118 0.2977462658777193 -0.9347835855699925
vn 0.16404622607018393 0.3150690098926016 -0.9347835871031464
vn 0.16439666730368288 0.31488630200694984 -0.9347835859640616
vn 0.18948128997142957 0.3004604646908794 -0.934783584530935
vn 0.28694133696078855 0.20939035797361358 -0.934783583045208
vn 0.35159925016816646 0.050572843586778916 -0.9347835871327279
vn 0.355134897086923 0.007672115200181048 -0.9347835811135196
vn 0.3307984156492894 -0.1294297277786568 -0.9347835865969527
vn 0 -0.3552177606235726 -0.9347835805883489
vn -0.1661889583103767 -0.3139440743686727 -0.9347835836729854
vn -0.15191841276491416 -0.3210925772837429 -0.934783586011368
vn 0.019688657264573292 -0.35467170381478014 -0.9347835788503344
vn 0.15066566294213365 -0.3216823240542546 -0.9347835794456709
vn 0.2089408823509825 -0.2872687803667334 -0.9347835875265474
vn 0.2329438138028682 -0.26817313521437774 -0.934783584130715
vn 0.26558159895120886 -0.23589419052764207 -0.9347835819984366
vn 0.2819628931953714 -0.2160476511480098 -0.9347835788535888
vn 0.3290554315784832 -0.1337990002951598 -0.9347835848305821
vn 0.3552177606235726 0 -0.9347835805883489
vn 0.28904605285814033 0.2064752441507708 -0.9347835861203431
vn 0.19703936309267658 0.2955590446390149 -0.9347835795113782
vn 0.05126141432636458 0.35149952543656887 -0.9347835851249892
vn -0.023141787251695786 0.35446312438780503 -0.93478358518538
vn -0.11827050984822866 0.3349503466654977 -0.9347835855260312
vn -0.21973645110065415 0.2790977319393701 -0.934783583555033
vn -0.2573430809477758 0.24485545299477782 -0.9347835823478228
vn -0.2456286436755651 0.25660518388588227 -0.9347835840498029
vn -0.18129619662306737 0.30546906241257904 -0.9347835797652791
vn -0.1451214303265528 0.324221245210602 -0.934783587047859
vn -0.0621350969275461 0.34974117671071303 -0.9347835787190585
vn 0.12755761225062498 0.33152481345179013 -0.9347835865175826
vn 0.23191518865936112 0.26906319326134703 -0.9347835809967461
vn 0.2912183871783034 0.2033998666279234 -0.9347835820258136
vn 0.3137473502554118 0.16656007752618068 -0.9347835796494184
vn 0.31888274583629667 0.15650384299117998 -0.934783580053103
vn 0.3403765571753526 0.10160440931426705 -0.9347835810139976
vn 0.34894257720366645 -0.06647356170597696 -0.9347835810542379
vn 0.3167107399348282 -0.1608538598518518 -0.9347835808253664
vn 0.3387843872216862 -0.10679324533787717 -0.9347835801537331
vn 0.3551041432943783 0.008983008718546442 -0.9347835861682254
vn 0.35254330392216454 0.0435070517195097 -0.9347835874202757
vn 0.32890324151128714 0.13417265129142322 -0.9347835885213208
vn 0.2744015714310571 0.22557355318515757 -0.9347835844191901
vn 0.20325499722387663 0.29131951850594956 -0.9347835814994739
vn 0.14697852660463886 0.3233836220526664 -0.9347835822826734
vn 0 0 -1
vn 0 0 -1
vn 0 0 -1
vn 0 0 -1
vn 0 0 -1
vn 0 0 -1
vn 0 0 -1
vn 0 0 -1
vn 0 0 -1
vn 0 0 -1
vn 0 0 -1
vn 0 0 -1
vn 0 0 -1
vn 0 0 -1
vn 0 0 -1
vn 0 0 -1
vn 0 0 -1
vn 0 0 -1
vn 0 0 -1
vn 0 0 -1
vn 0 0 -1
vn 0 0 -1
vn 0 0 -1
vn 0 0 -1
vn 0 0 -1
vn 0 0 -1
vn 0 0 -1
vn 0 0 -1
vn 0 0 -1
vn 0 0 -1
vn 0 0 -1
vn 0 0 -1
vn 0 0 -1
vn 0 0 -1
vn 0 0 -1
vn 0 0 -1
vn 0 0 -1
vn 0 0 -1
vn 0 0 -1
vn 0 0 -1
vn 0 0 -1
vn 0 0 -1
vn 0 0 -1
vn 0 0 -1
vn 0 0 -1
vn 0 0 -1
vn 0 0 -1
vn 0 0 -1
vn 0 0 -1
vn 0 0 -1
vn 0 0 -1
vn 0 0 -1
vn 0 0 -1
vn 0 0 -1
vn 0 0 -1
vn 0 0 -1
vn 0 0 -1
vn 0 0 -1
vn 0 0 -1
vn 0 0 -1
vn 0 0 -1
vn 0 0 -1
vn 0 0 -1
vn 0 0 -1
vn 0 0 -1
vn 0 0 -1
vn 0 0 -1
vn 0 0 -1
vn 0 0 -1
vn 0 0 -1
vn 0 0 -1
vn 0 0 -1
vn 0 0 -1
vn 0 0 -1
vn 0 0 -1
vn 0 0 -1
vn 0 0 -1
vn 0 0 -1
vn 0 0 -1
vn 0 0 -1
vn 0 0 -1
vn 0 0 -1
vn 0 0 -1
vn 0 0 -1
vn 0 0 -1
vn 0 0 -1
vn 0 0 -1
vn 0 0 -1
vn 0 0 -1
vn 0 0 -1
vn 0 0 -1
vn 0 0 -1
vn 0 0 -1
vn 0 0 -1
vn 0 0 -1
vn 0 0 -1
vn 0 0 -1
vn 0 0 -1
vn 0 0 -1
vn 0 0 -1
vn 0 0 -1
vn 0 0 -1
vn 0 0 -1
vn 0 0 -1
vn 0 0 -1
vn 0 0 -1
vn 0 0 -1
vn 0 0 -1
vn 0 0 -1
vn 0 0 -1
vn 0 0 -1
vn 0 0 -1
vn 0 0 -1
vn 0 0 -1
vn 0 0 -1
vn 0 0 -1
vn 0 0 -1
vn 0 0 -1
vn 0 0 -1
vn 0 0 -1
vn 0 0 -1
vn 0 0 -1
vn 0 0 -1
vn 0 0 -1
vn 0 0 -1
vn 0 0 -1
vn 0 0 -1
vn 0 0 -1
vn 0 0 -1
vn 0 0 -1
vn 0 0 -1
vn 0 0 -1
vn 0 0 -1
vn 0 0 -1
vn 0 0 -1
vn 0 0 -1
vn 0 0 -1
vn 0 0 -1
vn 0 0 -1
vn 0 0 -1
vn 0 0 -1
vn 0 0 -1
vn 0 0 -1
vn 0 0 -1
vn 0 0 -1
vn 0 0 -1
vn 0 0 -1
vn 0 0 -1
vn 0 0 -1
vn 0 0 -1
vn 0 0 -1
vn 0 0 -1
f 151//151 152//152 1//1
f 151//151 1//1 2//2
f 151//151 2//2 3//3
f 151//151 3//3 4//4
f 151//151 4//4 5//5
f 151//151 5//5 6//6
f 151//151 6//6 7//7
f 151//151 7//7 8//8
f 151//151 8//8 9//9
f 151//151 9//9 10//10
f 151//151 10//10 11//11
f 15//15 16//16 17//17
f 15//15 17//17 18//18
f 15//15 18//18 19//19
f 15//15 19//19 20//20
f 15//15 20//20 21//21
f 15//15 21//21 22//22
f 15//15 22//22 23//23
f 15//15 23//23 24//24
f 15//15 24//24 25//25
f 25//25 26//26 27//27
f 25//25 27//27 28//28
f 25//25 28//28 29//29
f 25//25 29//29 30//30
f 25//25 30//30 31//31
f 25//25 31//31 32//32
f 25//25 32//32 33//33
f 25//25 33//33 34//34
f 39//39 40//40 41//41
f 39//39 41//41 42//42
f 49//49 50//50 51//51
f 49//49 51//51 52//52
f 49//49 52//52 53//53
f 49//49 53//53 54//54
f 49//49 54//54 55//55
f 49//49 55//55 56//56
f 49//49 56//56 57//57
f 49//49 57//57 58//58
f 58//58 59//59 60//60
f 58//58 60//60 61//61
f 58//58 61//61 62//62
f 58//58 62//62 63//63
f 58//58 63//63 64//64
f 58//58 64//64 65//65
f 67//67 68//68 69//69
f 67//67 69//69 70//70
f 67//67 70//70 71//71
f 67//67 71//71 72//72
f 67//67 72//72 73//73
f 83//83 84//84 85//85
f 83//83 85//85 86//86
f 83//83 86//86 87//87
f 83//83 87//87 88//88
f 83//83 88//88 89//89
f 83//83 89//89 90//90
f 83//83 90//90 91//91
f 91//91 92//92 93//93
f 91//91 93//93 94//94
f 91//91 94//94 95//95
f 91//91 95//95 96//96
f 91//91 96//96 97//97
f 91//91 97//97 98//98
f 91//91 98//98 99//99
f 101//101 102//102 103//103
f 101//101 103//103 104//104
f 101//101 104//104 105//105
f 101//101 105//105 106//106
f 101//101 106//106 107//107
f 101//101 107//107 108//108
f 101//101 108//108 109//109
f 101//101 109//109 110//110
f 117//117 118//118 119//119
f 117//117 119//119 120//120
f 117//117 120//120 121//121
f 117//117 121//121 122//122
f 117//117 122//122 123//123
f 117//117 123//123 124//124
f 117//117 124//124 125//125
f 117//117 125//125 126//126
f 117//117 126//126 127//127
f 117//117 127//127 128//128
f 117//117 128//128 129//129
f 117//117 129//129 130//130
f 130//130 131//131 132//132
f 130//130 132//132 133//133
f 130//130 133//133 134//134
f 145//145 146//146 147//147
f 145//145 147//147 148//148
f 145//145 148//148 149//149
f 145//145 149//149 150//150
f 145//145 150//150 151//151
f 145//145 151//151 11//11
f 145//145 11//11 12//12
f 145//145 12//12 13//13
f 145//145 13//13 14//14
f 145//145 14//14 15//15
f 15//15 25//25 34//34
f 15//15 34//34 35//35
f 15//15 35//35 36//36
f 15//15 36//36 37//37
f 15//15 37//37 38//38
f 49//49 58//58 65//65
f 49//49 65//65 66//66
f 49//49 66//66 67//67
f 83//83 91//91 99//99
f 83//83 99//99 100//100
f 83//83 100//100 101//101
f 117//117 130//130 134//134
f 117//117 134//134 135//135
f 117//117 135//135 136//136
f 117//117 136//136 137//137
f 117//117 137//137 138//138
f 117//117 138//138 139//139
f 117//117 139//139 140//140
f 117//117 140//140 141//141
f 117//117 141//141 142//142
f 117//117 142//142 143//143
f 144//144 145//145 15//15
f 144//144 15//15 38//38
f 144//144 38//38 39//39
f 144//144 39//39 42//42
f 144//144 42//42 43//43
f 144//144 43//43 44//44
f 48//48 49//49 67//67
f 48//48 67//67 73//73
f 48//48 73//73 74//74
f 82//82 83//83 101//101
f 116//116 117//117 143//143
f 143//143 144//144 44//44
f 47//47 48//48 74//74
f 81//81 82//82 101//101
f 81//81 101//101 110//110
f 81//81 110//110 111//111
f 81//81 111//111 112//112
f 81//81 112//112 113//113
f 115//115 116//116 143//143
f 115//115 143//143 44//44
f 115//115 44//44 45//45
f 46//46 47//47 74//74
f 80//80 81//81 113//113
f 114//114 115//115 45//45
f 45//45 46//46 74//74
f 79//79 80//80 113//113
f 113//113 114//114 45//45
f 113//113 45//45 74//74
f 113//113 74//74 75//75
f 113//113 75//75 76//76
f 113//113 76//76 77//77
f 113//113 77//77 78//78
f 113//113 78//78 79//79
f 153//153 304//304 303//303
f 154//154 153//153 303//303
f 155//155 154//154 303//303
f 156//156 155//155 303//303
f 157//157 156//156 303//303
f 158//158 157//157 303//303
f 159//159 158//158 303//303
f 160//160 159//159 303//303
f 161//161 160//160 303//303
f 162//162 161//161 303//303
f 163//163 162//162 303//303
f 169//169 168//168 167//167
f 170//170 169//169 167//167
f 171//171 170//170 167//167
f 172//172 171//171 167//167
f 173//173 172//172 167//167
f 174//174 173//173 167//167
f 175//175 174//174 167//167
f 176//176 175//175 167//167
f 177//177 176//176 167//167
f 179//179 178//178 177//177
f 180//180 179//179 177//177
f 181//181 180//180 177//177
f 182//182 181//181 177//177
f 183//183 182//182 177//177
f 184//184 183//183 177//177
f 185//185 184//184 177//177
f 186//186 185//185 177//177
f 193//193 192//192 191//191
f 194//194 193//193 191//191
f 203//203 202//202 201//201
f 204//204 203//203 201//201
f 205//205 204//204 201//201
f 206//206 205//205 201//201
f 207//207 206//206 201//201
f 208//208 207//207 201//201
f 209//209 208//208 201//201
f 210//210 209//209 201//201
f 212//212 211//211 210//210
f 213//213 212//212 210//210
f 214//214 213//213 210//210
f 215//215 214//214 210//210
f 216//216 215//215 210//210
f 217//217 216//216 210//210
f 221//221 220//220 219//219
f 222//222 221//221 219//219
f 223//223 222//222 219//219
f 224//224 223//223 219//219
f 225//225 224//224 219//219
f 237//237 236//236 235//235
f 238//238 237//237 235//235
f 239//239 238//238 235//235
f 240//240 239//239 235//235
f 241//241 240//240 235//235
f 242//242 241//241 235//235
f 243//243 242//242 235//235
f 245//245 244//244 243//243
f 246//246 245//245 243//243
f 247//247 246//246 243//243
f 248//248 247//247 243//243
f 249//249 248//248 243//243
f 250//250 249//249 243//243
f 251//251 250//250 243//243
f 255//255 254//254 253//253
f 256//256 255//255 253//253
f 257//257 256//256 253//253
f 258//258 257//257 253//253
f 259//259 258//258 253//253
f 260//260 259//259 253//253
f 261//261 260//260 253//253
f 262//262 261//261 253//253
f 271//271 270//270 269//269
f 272//272 271//271 269//269
f 273//273 272//272 269//269
f 274//274 273//273 269//269
f 275//275 274//274 269//269
f 276//276 275//275 269//269
f 277//277 276//276 269//269
f 278//278 277//277 269//269
f 279//279 278//278 269//269
f 280//280 279//279 269//269
f 281//281 280//280 269//269
f 282//282 281//281 269//269
f 284//284 283//283 282//282
f 285//285 284//284 282//282
f 286//286 285//285 282//282
f 299//299 298//298 297//297
f 300//300 299//299 297//297
f 301//301 300//300 297//297
f 302//302 301//301 297//297
f 303//303 302//302 297//297
f 163//163 303//303 297//297
f 164//164 163//163 297//297
f 165//165 164//164 297//297
f 166//166 165//165 297//297
f 167//167 166//166 297//297
f 186//186 177//177 167//167
f 187//187 186//186 167//167
f 188//188 187//187 167//167
f 189//189 188//188 167//167
f 190//190 189//189 167//167
f 217//217 210//210 201//201
f 218//218 217//217 201//201
f 219//219 218//218 201//201
f 251//251 243//243 235//235
f 252//252 251//251 235//235
f 253//253 252//252 235//235
f 286//286 282//282 269//269
f 287//287 286//286 269//269
f 288//288 287//287 269//269
f 289//289 288//288 269//269
f 290//290 289//289 269//269
f 291//291 290//290 269//269
f 292//292 291//291 269//269
f 293//293 292//292 269//269
f 294//294 293//293 269//269
f 295//295 294//294 269//269
f 167//167 297//297 296//296
f 190//190 167//167 296//296
f 191//191 190//190 296//296
f 194//194 191//191 296//296
f 195//195 194//194 296//296
f 196//196 195//195 296//296
f 219//219 201//201 200//200
f 225//225 219//219 200//200
f 226//226 225//225 200//200
f 253//253 235//235 234//234
f 295//295 269//269 268//268
f 196//196 296//296 295//295
f 226//226 200//200 199//199
f 253//253 234//234 233//233
f 262//262 253//253 233//233
f 263//263 262//262 233//233
f 264//264 263//263 233//233
f 265//265 264//264 233//233
f 295//295 268//268 267//267
f 196//196 295//295 267//267
f 197//197 196//196 267//267
f 226//226 199//199 198//198
f 265//265 233//233 232//232
f 197//197 267//267 266//266
f 226//226 198//198 197//197
f 265//265 232//232 231//231
f 197//197 266//266 265//265
f 226//226 197//197 265//265
f 227//227 226//226 265//265
f 228//228 227//227 265//265
f 229//229 228//228 265//265
f 230//230 229//229 265//265
f 231//231 230//230 265//265
f 305//305 457//457 306//306
f 306//306 457//457 458//458
f 306//306 458//458 307//307
f 307//307 458//458 459//459
f 307//307 459//459 308//308
f 308//308 459//459 460//460
f 308//308 460//460 309//309
f 309//309 460//460 461//461
f 309//309 461//461 310//310
f 310//310 461//461 462//462
f 310//310 462//462 311//311
f 311//311 462//462 463//463
f 311//311 463//463 312//312
f 312//312 463//463 464//464
f 312//312 464//464 313//313
f 313//313 464//464 465//465
f 313//313 465//465 314//314
f 314//314 465//465 466//466
f 314//314 466//466 315//315
f 315//315 466//466 467//467
f 315//315 467//467 316//316
f 316//316 467//467 468//468
f 316//316 468//468 317//317
f 317//317 468//468 469//469
f 317//317 469//469 318//318
f 318//318 469//469 470//470
f 318//318 470//470 319//319
f 319//319 470//470 471//471
f 319//319 471//471 320//320
f 320//320 471//471 472//472
f 320//320 472//472 321//321
f 321//321 472//472 473//473
f 321//321 473//473 322//322
f 322//322 473//473 474//474
f 322//322 474//474 323//323
f 323//323 474//474 475//475
f 323//323 475//475 324//324
f 324//324 475//475 476//476
f 324//324 476//476 325//325
f 325//325 476//476 477//477
f 325//325 477//477 326//326
f 326//326 477//477 478//478
f 326//326 478//478 327//327
f 327//327 478//478 479//479
f 327//327 479//479 328//328
f 328//328 479//479 480//480
f 328//328 480//480 329//329
f 329//329 480//480 481//481
f 329//329 481//481 330//330
f 330//330 481//481 482//482
f 330//330 482//482 331//331
f 331//331 482//482 483//483
f 331//331 483//483 332//332
f 332//332 483//483 484//484
f 332//332 484//484 333//333
f 333//333 484//484 485//485
f 333//333 485//485 334//334
f 334//334 485//485 486//486
f 334//334 486//486 335//335
f 335//335 486//486 487//487
f 335//335 487//487 336//336
f 336//336 487//487 488//488
f 336//336 488//488 337//337
f 337//337 488//488 489//489
f 337//337 489//489 338//338
f 338//338 489//489 490//490
f 338//338 490//490 339//339
f 339//339 490//490 491//491
f 339//339 491//491 340//340
f 340//340 491//491 492//492
f 340//340 492//492 341//341
f 341//341 492//492 493//493
f 341//341 493//493 342//342
f 342//342 493//493 494//494
f 342//342 494//494 343//343
f 343//343 494//494 495//495
f 343//343 495//495 344//344
f 344//344 495//495 496//496
f 344//344 496//496 345//345
f 345//345 496//496 497//497
f 345//345 497//497 346//346
f 346//346 497//497 498//498
f 346//346 498//498 347//347
f 347//347 498//498 499//499
f 347//347 499//499 348//348
f 348//348 499//499 500//500
f 348//348 500//500 349//349
f 349//349 500//500 501//501
f 349//349 501//501 350//350
f 350//350 501//501 502//502
f 350//350 502//502 351//351
f 351//351 502//502 503//503
f 351//351 503//503 352//352
f 352//352 503//503 504//504
f 352//352 504//504 353//353
f 353//353 504//504 505//505
f 353//353 505//505 354//354
f 354//354 505//505 506//506
f 354//354 506//506 355//355
f 355//355 506//506 507//507
f 355//355 507//507 356//356
f 356//356 507//507 508//508
f 356//356 508//508 357//357
f 357//357 508//508 509//509
f 357//357 509//509 358//358
f 358//358 509//509 510//510
f 358//358 510//510 359//359
f 359//359 510//510 511//511
f 359//359 511//511 360//360
f 360//360 511//511 512//512
f 360//360 512//512 361//361
f 361//361 512//512 513//513
f 361//361 513//513 362//362
f 362//362 513//513 514//514
f 362//362 514//514 363//363
f 363//363 514//514 515//515
f 363//363 515//515 364//364
f 364//364 515//515 516//516
f 364//364 516//516 365//365
f 365//365 516//516 517//517
f 365//365 517//517 366//366
f 366//366 517//517 518//518
f 366//366 518//518 367//367
f 367//367 518//518 519//519
f 367//367 519//519 368//368
f 368//368 519//519 520//520
f 368//368 520//520 369//369
f 369//369 520//520 521//521
f 369//369 521//521 370//370
f 370//370 521//521 522//522
f 370//370 522//522 371//371
f 371//371 522//522 523//523
f 371//371 523//523 372//372
f 372//372 523//523 524//524
f 372//372 524//524 373//373
f 373//373 524//524 525//525
f 373//373 525//525 374//374
f 374//374 525//525 526//526
f 374//374 526//526 375//375
f 375//375 526//526 527//527
f 375//375 527//527 376//376
f 376//376 527//527 528//528
f 376//376 528//528 377//377
f 377//377 528//528 529//529
f 377//377 529//529 378//378
f 378//378 529//529 530//530
f 378//378 530//530 379//379
f 379//379 530//530 531//531
f 379//379 531//531 380//380
f 380//380 531//531 532//532
f 380//380 532//532 381//381
f 381//381 532//532 533//533
f 381//381 533//533 382//382
f 382//382 533//533 534//534
f 382//382 534//534 383//383
f 383//383 534//534 535//535
f 383//383 535//535 384//384
f 384//384 535//535 536//536
f 384//384 536//536 385//385
f 385//385 536//536 537//537
f 385//385 537//537 386//386
f 386//386 537//537 538//538
f 386//386 538//538 387//387
f 387//387 538//538 539//539
f 387//387 539//539 388//388
f 388//388 539//539 540//540
f 388//388 540//540 389//389
f 389//389 540//540 541//541
f 389//389 541//541 390//390
f 390//390 541//541 542//542
f 390//390 542//542 391//391
f 391//391 542//542 543//543
f 391//391 543//543 392//392
f 392//392 543//543 544//544
f 392//392 544//544 393//393
f 393//393 544//544 545//545
f 393//393 545//545 394//394
f 394//394 545//545 546//546
f 394//394 546//546 395//395
f 395//395 546//546 547//547
f 395//395 547//547 396//396
f 396//396 547//547 548//548
f 396//396 548//548 397//397
f 397//397 548//548 549//549
f 397//397 549//549 398//398
f 398//398 549//549 550//550
f 398//398 550//550 399//399
f 399//399 550//550 551//551
f 399//399 551//551 400//400
f 400//400 551//551 552//552
f 400//400 552//552 401//401
f 401//401 552//552 553//553
f 401//401 553//553 402//402
f 402//402 553//553 554//554
f 402//402 554//554 403//403
f 403//403 554//554 555//555
f 403//403 555//555 404//404
f 404//404 555//555 556//556
f 404//404 556//556 405//405
f 405//405 556//556 557//557
f 405//405 557//557 406//406
f 406//406 557//557 558//558
f 406//406 558//558 407//407
f 407//407 558//558 559//559
f 407//407 559//559 408//408
f 408//408 559//559 560//560
f 408//408 560//560 409//409
f 409//409 560//560 561//561
f 409//409 561//561 410//410
f 410//410 561//561 562//562
f 410//410 562//562 411//411
f 411//411 562//562 563//563
f 411//411 563//563 412//412
f 412//412 563//563 564//564
f 412//412 564//564 413//413
f 413//413 564//564 565//565
f 413//413 565//565 414//414
f 414//414 565//565 566//566
f 414//414 566//566 415//415
f 415//415 566//566 567//567
f 415//415 567//567 416//416
f 416//416 567//567 568//568
f 416//416 568//568 417//417
f 417//417 568//568 569//569
f 417//417 569//569 418//418
f 418//418 569//569 570//570
f 418//418 570//570 419//419
f 419//419 570//570 571//571
f 419//419 571//571 420//420
f 420//420 571//571 572//572
f 420//420 572//572 421//421
f 421//421 572//572 573//573
f 421//421 573//573 422//422
f 422//422 573//573 574//574
f 422//422 574//574 423//423
f 423//423 574//574 575//575
f 423//423 575//575 424//424
f 424//424 575//575 576//576
f 424//424 576//576 425//425
f 425//425 576//576 577//577
f 425//425 577//577 426//426
f 426//426 577//577 578//578
f 426//426 578//578 427//427
f 427//427 578//578 579//579
f 427//427 579//579 428//428
f 428//428 579//579 580//580
f 428//428 580//580 429//429
f 429//429 580//580 581//581
f 429//429 581//581 430//430
f 430//430 581//581 582//582
f 430//430 582//582 431//431
f 431//431 582//582 583//583
f 431//431 583//583 432//432
f 432//432 583//583 584//584
f 432//432 584//584 433//433
f 433//433 584//584 585//585
f 433//433 585//585 434//434
f 434//434 585//585 586//586
f 434//434 586//586 435//435
f 435//435 586//586 587//587
f 435//435 587//587 436//436
f 436//436 587//587 588//588
f 436//436 588//588 437//437
f 437//437 588//588 589//589
f 437//437 589//589 438//438
f 438//438 589//589 590//590
f 438//438 590//590 439//439
f 439//439 590//590 591//591
f 439//439 591//591 440//440
f 440//440 591//591 592//592
f 440//440 592//592 441//441
f 441//441 592//592 593//593
f 441//441 593//593 442//442
f 442//442 593//593 594//594
f 442//442 594//594 443//443
f 443//443 594//594 595//595
f 443//443 595//595 444//444
f 444//444 595//595 596//596
f 444//444 596//596 445//445
f 445//445 596//596 597//597
f 445//445 597//597 446//446
f 446//446 597//597 598//598
f 446//446 598//598 447//447
f 447//447 598//598 599//599
f 447//447 599//599 448//448
f 448//448 599//599 600//600
f 448//448 600//600 449//449
f 449//449 600//600 601//601
f 449//449 601//601 450//450
f 450//450 601//601 602//602
f 450//450 602//602 451//451
f 451//451 602//602 603//603
f 451//451 603//603 452//452
f 452//452 603//603 604//604
f 452//452 604//604 453//453
f 453//453 604//604 605//605
f 453//453 605//605 454//454
f 454//454 605//605 606//606
f 454//454 606//606 455//455
f 455//455 606//606 607//607
f 455//455 607//607 456//456
f 456//456 607//607 608//608
f 456//456 608//608 305//305
f 305//305 608//608 457//457
f 457//457 609//609 458//458
f 458//458 609//609 610//610
f 458//458 610//610 459//459
f 459//459 610//610 611//611
f 459//459 611//611 460//460
f 460//460 611//611 612//612
f 460//460 612//612 461//461
f 461//461 612//612 613//613
f 461//461 613//613 462//462
f 462//462 613//613 614//614
f 462//462 614//614 463//463
f 463//463 614//614 615//615
f 463//463 615//615 464//464
f 464//464 615//615 616//616
f 464//464 616//616 465//465
f 465//465 616//616 617//617
f 465//465 617//617 466//466
f 466//466 617//617 618//618
f 466//466 618//618 467//467
f 467//467 618//618 619//619
f 467//467 619//619 468//468
f 468//468 619//619 620//620
f 468//468 620//620 469//469
f 469//469 620//620 621//621
f 469//469 621//621 470//470
f 470//470 621//621 622//622
f 470//470 622//622 471//471
f 471//471 622//622 623//623
f 471//471 623//623 472//472
f 472//472 623//623 624//624
f 472//472 624//624 473//473
f 473//473 624//624 625//625
f 473//473 625//625 474//474
f 474//474 625//625 626//626
f 474//474 626//626 475//475
f 475//475 626//626 627//627
f 475//475 627//627 476//476
f 476//476 627//627 628//628
f 476//476 628//628 477//477
f 477//477 628//628 629//629
f 477//477 629//629 478//478
f 478//478 629//629 630//630
f 478//478 630//630 479//479
f 479//479 630//630 631//631
f 479//479 631//631 480//480
f 480//480 631//631 632//632
f 480//480 632//632 481//481
f 481//481 632//632 633//633
f 481//481 633//633 482//482
f 482//482 633//633 634//634
f 482//482 634//634 483//483
f 483//483 634//634 635//635
f 483//483 635//635 484//484
f 484//484 635//635 636//636
f 484//484 636//636 485//485
f 485//485 636//636 637//637
f 485//485 637//637 486//486
f 486//486 637//637 638//638
f 486//486 638//638 487//487
f 487//487 638//638 639//639
f 487//487 639//639 488//488
f 488//488 639//639 640//640
f 488//488 640//640 489//489
f 489//489 640//640 641//641
f 489//489 641//641 490//490
f 490//490 641//641 642//642
f 490//490 642//642 491//491
f 491//491 642//642 643//643
f 491//491 643//643 492//492
f 492//492 643//643 644//644
f 492//492 644//644 493//493
f 493//493 644//644 645//645
f 493//493 645//645 494//494
f 494//494 645//645 646//646
f 494//494 646//646 495//495
f 495//495 646//646 647//647
f 495//495 647//647 496//496
f 496//496 647//647 648//648
f 496//496 648//648 497//497
f 497//497 648//648 649//649
f 497//497 649//649 498//498
f 498//498 649//649 650//650
f 498//498 650//650 499//499
f 499//499 650//650 651//651
f 499//499 651//651 500//500
f 500//500 651//651 652//652
f 500//500 652//652 501//501
f 501//501 652//652 653//653
f 501//501 653//653 502//502
f 502//502 653//653 654//654
f 502//502 654//654 503//503
f 503//503 654//654 655//655
f 503//503 655//655 504//504
f 504//504 655//655 656//656
f 504//504 656//656 505//505
f 505//505 656//656 657//657
f 505//505 657//657 506//506
f 506//506 657//657 658//658
f 506//506 658//658 507//507
f 507//507 658//658 659//659
f 507//507 659//659 508//508
f 508//508 659//659 660//660
f 508//508 660//660 509//509
f 509//509 660//660 661//661
f 509//509 661//661 510//510
f 510//510 661//661 662//662
f 510//510 662//662 511//511
f 511//511 662//662 663//663
f 511//511 663//663 512//512
f 512//512 663//663 664//664
f 512//512 664//664 513//513
f 513//513 664//664 665//665
f 513//513 665//665 514//514
f 514//514 665//665 666//666
f 514//514 666//666 515//515
f 515//515 666//666 667//667
f 515//515 667//667 516//516
f 516//516 667//667 668//668
f 516//516 668//668 517//517
f 517//517 668//668 669//669
f 517//517 669//669 518//518
f 518//518 669//669 670//670
f 518//518 670//670 519//519
f 519//519 670//670 671//671
f 519//519 671//671 520//520
f 520//520 671//671 672//672
f 520//520 672//672 521//521
f 521//521 672//672 673//673
f 521//521 673//673 522//522
f 522//522 673//673 674//674
f 522//522 674//674 523//523
f 523//523 674//674 675//675
f 523//523 675//675 524//524
f 524//524 675//675 676//676
f 524//524 676//676 525//525
f 525//525 676//676 677//677
f 525//525 677//677 526//526
f 526//526 677//677 678//678
f 526//526 678//678 527//527
f 527//527 678//678 679//679
f 527//527 679//679 528//528
f 528//528 679//679 680//680
f 528//528 680//680 529//529
f 529//529 680//680 681//681
f 529//529 681//681 530//530
f 530//530 681//681 682//682
f 530//530 682//682 531//531
f 531//531 682//682 683//683
f 531//531 683//683 532//532
f 532//532 683//683 684//684
f 532//532 684//684 533//533
f 533//533 684//684 685//685
f 533//533 685//685 534//534
f 534//534 685//685 686//686
f 534//534 686//686 535//535
f 535//535 686//686 687//687
f 535//535 687//687 536//536
f 536//536 687//687 688//688
f 536//536 688//688 537//537
f 537//537 688//688 689//689
f 537//537 689//689 538//538
f 538//538 689//689 690//690
f 538//538 690//690 539//539
f 539//539 690//690 691//691
f 539//539 691//691 540//540
f 540//540 691//691 692//692
f 540//540 692//692 541//541
f 541//541 692//692 693//693
f 541//541 693//693 542//542
f 542//542 693//693 694//694
f 542//542 694//694 543//543
f 543//543 694//694 695//695
f 543//543 695//695 544//544
f 544//544 695//695 696//696
f 544//544 696//696 545//545
f 545//545 696//696 697//697
f 545//545 697//697 546//546
f 546//546 697//697 698//698
f 546//546 698//698 547//547
f 547//547 698//698 699//699
f 547//547 699//699 548//548
f 548//548 699//699 700//700
f 548//548 700//700 549//549
f 549//549 700//700 701//701
f 549//549 701//701 550//550
f 550//550 701//701 702//702
f 550//550 702//702 551//551
f 551//551 702//702 703//703
f 551//551 703//703 552//552
f 552//552 703//703 704//704
f 552//552 704//704 553//553
f 553//553 704//704 705//705
f 553//553 705//705 554//554
f 554//554 705//705 706//706
f 554//554 706//706 555//555
f 555//555 706//706 707//707
f 555//555 707//707 556//556
f 556//556 707//707 708//708
f 556//556 708//708 557//557
f 557//557 708//708 709//709
f 557//557 709//709 558//558
f 558//558 709//709 710//710
f 558//558 710//710 559//559
f 559//559 710//710 711//711
f 559//559 711//711 560//560
f 560//560 711//711 712//712
f 560//560 712//712 561//561
f 561//561 712//712 713//713
f 561//561 713//713 562//562
f 562//562 713//713 714//714
f 562//562 714//714 563//563
f 563//563 714//714 715//715
f 563//563 715//715 564//564
f 564//564 715//715 716//716
f 564//564 716//716 565//565
f 565//565 716//716 717//717
f 565//565 717//717 566//566
f 566//566 717//717 718//718
f 566//566 718//718 567//567
f 567//567 718//718 719//719
f 567//567 719//719 568//568
f 568//568 719//719 720//720
f 568//568 720//720 569//569
f 569//569 720//720 721//721
f 569//569 721//721 570//570
f 570//570 721//721 722//722
f 570//570 722//722 571//571
f 571//571 722//722 723//723
f 571//571 723//723 572//572
f 572//572 723//723 724//724
f 572//572 724//724 573//573
f 573//573 724//724 725//725
f 573//573 725//725 574//574
f 574//574 725//725 726//726
f 574//574 726//726 575//575
f 575//575 726//726 727//727
f 575//575 727//727 576//576
f 576//576 727//727 728//728
f 576//576 728//728 577//577
f 577//577 728//728 729//729
f 577//577 729//729 578//578
f 578//578 729//729 730//730
f 578//578 730//730 579//579
f 579//579 730//730 731//731
f 579//579 731//731 580//580
f 580//580 731//731 732//732
f 580//580 732//732 581//581
f 581//581 732//732 733//733
f 581//581 733//733 582//582
f 582//582 733//733 734//734
f 582//582 734//734 583//583
f 583//583 734//734 735//735
f 583//583 735//735 584//584
f 584//584 735//735 736//736
f 584//584 736//736 585//585
f 585//585 736//736 737//737
f 585//585 737//737 586//586
f 586//586 737//737 738//738
f 586//586 738//738 587//587
f 587//587 738//738 739//739
f 587//587 739//739 588//588
f 588//588 739//739 740//740
f 588//588 740//740 589//589
f 589//589 740//740 741//741
f 589//589 741//741 590//590
f 590//590 741//741 742//742
f 590//590 742//742 591//591
f 591//591 742//742 743//743
f 591//591 743//743 592//592
f 592//592 743//743 744//744
f 592//592 744//744 593//593
f 593//593 744//744 745//745
f 593//593 745//745 594//594
f 594//594 745//745 746//746
f 594//594 746//746 595//595
f 595//595 746//746 747//747
f 595//595 747//747 596//596
f 596//596 747//747 748//748
f 596//596 748//748 597//597
f 597//597 748//748 749//749
f 597//597 749//749 598//598
f 598//598 749//749 750//750
f 598//598 750//750 599//599
f 599//599 750//750 751//751
f 599//599 751//751 600//600
f 600//600 751//751 752//752
f 600//600 752//752 601//601
f 601//601 752//752 753//753
f 601//601 753//753 602//602
f 602//602 753//753 754//754
f 602//602 754//754 603//603
f 603//603 754//754 755//755
f 603//603 755//755 604//604
f 604//604 755//755 756//756
f 604//604 756//756 605//605
f 605//605 756//756 757//757
f 605//605 757//757 606//606
f 606//606 757//757 758//758
f 606//606 758//758 607//607
f 607//607 758//758 759//759
f 607//607 759//759 608//608
f 608//608 759//759 760//760
f 608//608 760//760 457//457
f 457//457 760//760 609//609
f 609//609 761//761 610//610
f 610//610 761//761 762//762
f 610//610 762//762 611//611
f 611//611 762//762 763//763
f 611//611 763//763 612//612
f 612//612 763//763 764//764
f 612//612 764//764 613//613
f 613//613 764//764 765//765
f 613//613 765//765 614//614
f 614//614 765//765 766//766
f 614//614 766//766 615//615
f 615//615 766//766 767//767
f 615//615 767//767 616//616
f 616//616 767//767 768//768
f 616//616 768//768 617//617
f 617//617 768//768 769//769
f 617//617 769//769 618//618
f 618//618 769//769 770//770
f 618//618 770//770 619//619
f 619//619 770//770 771//771
f 619//619 771//771 620//620
f 620//620 771//771 772//772
f 620//620 772//772 621//621
f 621//621 772//772 773//773
f 621//621 773//773 622//622
f 622//622 773//773 774//774
f 622//622 774//774 623//623
f 623//623 774//774 775//775
f 623//623 775//775 624//624
f 624//624 775//775 776//776
f 624//624 776//776 625//625
f 625//625 776//776 777//777
f 625//625 777//777 626//626
f 626//626 777//777 778//778
f 626//626 778//778 627//627
f 627//627 778//778 779//779
f 627//627 779//779 628//628
f 628//628 779//779 780//780
f 628//628 780//780 629//629
f 629//629 780//780 781//781
f 629//629 781//781 630//630
f 630//630 781//781 782//782
f 630//630 782//782 631//631
f 631//631 782//782 783//783
f 631//631 783//783 632//632
f 632//632 783//783 784//784
f 632//632 784//784 633//633
f 633//633 784//784 785//785
f 633//633 785//785 634//634
f 634//634 785//785 786//786
f 634//634 786//786 635//635
f 635//635 786//786 787//787
f 635//635 787//787 636//636
f 636//636 787//787 788//788
f 636//636 788//788 637//637
f 637//637 788//788 789//789
f 637//637 789//789 638//638
f 638//638 789//789 790//790
f 638//638 790//790 639//639
f 639//639 790//790 791//791
f 639//639 791//791 640//640
f 640//640 791//791 792//792
f 640//640 792//792 641//641
f 641//641 792//792 793//793
f 641//641 793//793 642//642
f 642//642 793//793 794//794
f 642//642 794//794 643//643
f 643//643 794//794 795//795
f 643//643 795//795 644//644
f 644//644 795//795 796//796
f 644//644 796//796 645//645
f 645//645 796//796 797//797
f 645//645 797//797 646//646
f 646//646 797//797 798//798
f 646//646 798//798 647//647
f 647//647 798//798 799//799
f 647//647 799//799 648//648
f 648//648 799//799 800//800
f 648//648 800//800 649//649
f 649//649 800//800 801//801
f 649//649 801//801 650//650
f 650//650 801//801 802//802
f 650//650 802//802 651//651
f 651//651 802//802 803//803
f 651//651 803//803 652//652
f 652//652 803//803 804//804
f 652//652 804//804 653//653
f 653//653 804//804 805//805
f 653//653 805//805 654//654
f 654//654 805//805 806//806
f 654//654 806//806 655//655
f 655//655 806//806 807//807
f 655//655 807//807 656//656
f 656//656 807//807 808//808
f 656//656 808//808 657//657
f 657//657 808//808 809//809
f 657//657 809//809 658//658
f 658//658 809//809 810//810
f 658//658 810//810 659//659
f 659//659 810//810 811//811
f 659//659 811//811 660//660
f 660//660 811//811 812//812
f 660//660 812//812 661//661
f 661//661 812//812 813//813
f 661//661 813//813 662//662
f 662//662 813//813 814//814
f 662//662 814//814 663//663
f 663//663 814//814 815//815
f 663//663 815//815 664//664
f 664//664 815//815 816//816
f 664//664 816//816 665//665
f 665//665 816//816 817//817
f 665//665 817//817 666//666
f 666//666 817//817 818//818
f 666//666 818//818 667//667
f 667//667 818//818 819//819
f 667//667 819//819 668//668
f 668//668 819//819 820//820
f 668//668 820//820 669//669
f 669//669 820//820 821//821
f 669//669 821//821 670//670
f 670//670 821//821 822//822
f 670//670 822//822 671//671
f 671//671 822//822 823//823
f 671//671 823//823 672//672
f 672//672 823//823 824//824
f 672//672 824//824 673//673
f 673//673 824//824 825//825
f 673//673 825//825 674//674
f 674//674 825//825 826//826
f 674//674 826//826 675//675
f 675//675 826//826 827//827
f 675//675 827//827 676//676
f 676//676 827//827 828//828
f 676//676 828//828 677//677
f 677//677 828//828 829//829
f 677//677 829//829 678//678
f 678//678 829//829 830//830
f 678//678 830//830 679//679
f 679//679 830//830 831//831
f 679//679 831//831 680//680
f 680//680 831//831 832//832
f 680//680 832//832 681//681
f 681//681 832//832 833//833
f 681//681 833//833 682//682
f 682//682 833//833 834//834
f 682//682 834//834 683//683
f 683//683 834//834 835//835
f 683//683 835//835 684//684
f 684//684 835//835 836//836
f 684//684 836//836 685//685
f 685//685 836//836 837//837
f 685//685 837//837 686//686
f 686//686 837//837 838//838
f 686//686 838//838 687//687
f 687//687 838//838 839//839
f 687//687 839//839 688//688
f 688//688 839//839 840//840
f 688//688 840//840 689//689
f 689//689 840//840 841//841
f 689//689 841//841 690//690
f 690//690 841//841 842//842
f 690//690 842//842 691//691
f 691//691 842//842 843//843
f 691//691 843//843 692//692
f 692//692 843//843 844//844
f 692//692 844//844 693//693
f 693//693 844//844 845//845
f 693//693 845//845 694//694
f 694//694 845//845 846//846
f 694//694 846//846 695//695
f 695//695 846//846 847//847
f 695//695 847//847 696//696
f 696//696 847//847 848//848
f 696//696 848//848 697//697
f 697//697 848//848 849//849
f 697//697 849//849 698//698
f 698//698 849//849 850//850
f 698//698 850//850 699//699
f 699//699 850//850 851//851
f 699//699 851//851 700//700
f 700//700 851//851 852//852
f 700//700 852//852 701//701
f 701//701 852//852 853//853
f 701//701 853//853 702//702
f 702//702 853//853 854//854
f 702//702 854//854 703//703
f 703//703 854//854 855//855
f 703//703 855//855 704//704
f 704//704 855//855 856//856
f 704//704 856//856 705//705
f 705//705 856//856 857//857
f 705//705 857//857 706//706
f 706//706 857//857 858//858
f 706//706 858//858 707//707
f 707//707 858//858 859//859
f 707//707 859//859 708//708
f 708//708 859//859 860//860
f 708//708 860//860 709//709
f 709//709 860//860 861//861
f 709//709 861//861 710//710
f 710//710 861//861 862//862
f 710//710 862//862 711//711
f 711//711 862//862 863//863
f 711//711 863//863 712//712
f 712//712 863//863 864//864
f 712//712 864//864 713//713
f 713//713 864//864 865//865
f 713//713 865//865 714//714
f 714//714 865//865 866//866
f 714//714 866//866 715//715
f 715//715 866//866 867//867
f 715//715 867//867 716//716
f 716//716 867//867 868//868
f 716//716 868//868 717//717
f 717//717 868//868 869//869
f 717//717 869//869 718//718
f 718//718 869//869 870//870
f 718//718 870//870 719//719
f 719//719 870//870 871//871
f 719//719 871//871 720//720
f 720//720 871//871 872//872
f 720//720 872//872 721//721
f 721//721 872//872 873//873
f 721//721 873//873 722//722
f 722//722 873//873 874//874
f 722//722 874//874 723//723
f 723//723 874//874 875//875
f 723//723 875//875 724//724
f 724//724 875//875 876//876
f 724//724 876//876 725//725
f 725//725 876//876 877//877
f 725//725 877//877 726//726
f 726//726 877//877 878//878
f 726//726 878//878 727//727
f 727//727 878//878 879//879
f 727//727 879//879 728//728
f 728//728 879//879 880//880
f 728//728 880//880 729//729
f 729//729 880//880 881//881
f 729//729 881//881 730//730
f 730//730 881//881 882//882
f 730//730 882//882 731//731
f 731//731 882//882 883//883
f 731//731 883//883 732//732
f 732//732 883//883 884//884
f 732//732 884//884 733//733
f 733//733 884//884 885//885
f 733//733 885//885 734//734
f 734//734 885//885 886//886
f 734//734 886//886 735//735
f 735//735 886//886 887//887
f 735//735 887//887 736//736
f 736//736 887//887 888//888
f 736//736 888//888 737//737
f 737//737 888//888 889//889
f 737//737 889//889 738//738
f 738//738 889//889 890//890
f 738//738 890//890 739//739
f 739//739 890//890 891//891
f 739//739 891//891 740//740
f 740//740 891//891 892//892
f 740//740 892//892 741//741
f 741//741 892//892 893//893
f 741//741 893//893 742//742
f 742//742 893//893 894//894
f 742//742 894//894 743//743
f 743//743 894//894 895//895
f 743//743 895//895 744//744
f 744//744 895//895 896//896
f 744//744 896//896 745//745
f 745//745 896//896 897//897
f 745//745 897//897 746//746
f 746//746 897//897 898//898
f 746//746 898//898 747//747
f 747//747 898//898 899//899
f 747//747 899//899 748//748
f 748//748 899//899 900//900
f 748//748 900//900 749//749
f 749//749 900//900 901//901
f 749//749 901//901 750//750
f 750//750 901//901 902//902
f 750//750 902//902 751//751
f 751//751 902//902 903//903
f 751//751 903//903 752//752
f 752//752 903//903 904//904
f 752//752 904//904 753//753
f 753//753 904//904 905//905
f 753//753 905//905 754//754
f 754//754 905//905 906//906
f 754//754 906//906 755//755
f 755//755 906//906 907//907
f 755//755 907//907 756//756
f 756//756 907//907 908//908
f 756//756 908//908 757//757
f 757//757 908//908 909//909
f 757//757 909//909 758//758
f 758//758 909//909 910//910
f 758//758 910//910 759//759
f 759//759 910//910 911//911
f 759//759 911//911 760//760
f 760//760 911//911 912//912
f 760//760 912//912 609//609
f 609//609 912//912 761//761
f 761//761 913//913 762//762
f 762//762 913//913 914//914
f 762//762 914//914 763//763
f 763//763 914//914 915//915
f 763//763 915//915 764//764
f 764//764 915//915 916//916
f 764//764 916//916 765//765
f 765//765 916//916 917//917
f 765//765 917//917 766//766
f 766//766 917//917 918//918
f 766//766 918//918 767//767
f 767//767 918//918 919//919
f 767//767 919//919 768//768
f 768//768 919//919 920//920
f 768//768 920//920 769//769
f 769//769 920//920 921//921
f 769//769 921//921 770//770
f 770//770 921//921 922//922
f 770//770 922//922 771//771
f 771//771 922//922 923//923
f 771//771 923//923 772//772
f 772//772 923//923 924//924
f 772//772 924//924 773//773
f 773//773 924//924 925//925
f 773//773 925//925 774//774
f 774//774 925//925 926//926
f 774//774 926//926 775//775
f 775//775 926//926 927//927
f 775//775 927//927 776//776
f 776//776 927//927 928//928
f 776//776 928//928 777//777
f 777//777 928//928 929//929
f 777//777 929//929 778//778
f 778//778 929//929 930//930
f 778//778 930//930 779//779
f 779//779 930//930 931//931
f 779//779 931//931 780//780
f 780//780 931//931 932//932
f 780//780 932//932 781//781
f 781//781 932//932 933//933
f 781//781 933//933 782//782
f 782//782 933//933 934//934
f 782//782 934//934 783//783
f 783//783 934//934 935//935
f 783//783 935//935 784//784
f 784//784 935//935 936//936
f 784//784 936//936 785//785
f 785//785 936//936 937//937
f 785//785 937//937 786//786
f 786//786 937//937 938//938
f 786//786 938//938 787//787
f 787//787 938//938 939//939
f 787//787 939//939 788//788
f 788//788 939//939 940//940
f 788//788 940//940 789//789
f 789//789 940//940 941//941
f 789//789 941//941 790//790
f 790//790 941//941 942//942
f 790//790 942//942 791//791
f 791//791 942//942 943//943
f 791//791 943//943 792//792
f 792//792 943//943 944//944
f 792//792 944//944 793//793
f 793//793 944//944 945//945
f 793//793 945//945 794//794
f 794//794 945//945 946//946
f 794//794 946//946 795//795
f 795//795 946//946 947//947
f 795//795 947//947 796//796
f 796//796 947//947 948//948
f 796//796 948//948 797//797
f 797//797 948//948 949//949
f 797//797 949//949 798//798
f 798//798 949//949 950//950
f 798//798 950//950 799//799
f 799//799 950//950 951//951
f 799//799 951//951 800//800
f 800//800 951//951 952//952
f 800//800 952//952 801//801
f 801//801 952//952 953//953
f 801//801 953//953 802//802
f 802//802 953//953 954//954
f 802//802 954//954 803//803
f 803//803 954//954 955//955
f 803//803 955//955 804//804
f 804//804 955//955 956//956
f 804//804 956//956 805//805
f 805//805 956//956 957//957
f 805//805 957//957 806//806
f 806//806 957//957 958//958
f 806//806 958//958 807//807
f 807//807 958//958 959//959
f 807//807 959//959 808//808
f 808//808 959//959 960//960
f 808//808 960//960 809//809
f 809//809 960//960 961//961
f 809//809 961//961 810//810
f 810//810 961//961 962//962
f 810//810 962//962 811//811
f 811//811 962//962 963//963
f 811//811 963//963 812//812
f 812//812 963//963 964//964
f 812//812 964//964 813//813
f 813//813 964//964 965//965
f 813//813 965//965 814//814
f 814//814 965//965 966//966
f 814//814 966//966 815//815
f 815//815 966//966 967//967
f 815//815 967//967 816//816
f 816//816 967//967 968//968
f 816//816 968//968 817//817
f 817//817 968//968 969//969
f 817//817 969//969 818//818
f 818//818 969//969 970//970
f 818//818 970//970 819//819
f 819//819 970//970 971//971
f 819//819 971//971 820//820
f 820//820 971//971 972//972
f 820//820 972//972 821//821
f 821//821 972//972 973//973
f 821//821 973//973 822//822
f 822//822 973//973 974//974
f 822//822 974//974 823//823
f 823//823 974//974 975//975
f 823//823 975//975 824//824
f 824//824 975//975 976//976
f 824//824 976//976 825//825
f 825//825 976//976 977//977
f 825//825 977//977 826//826
f 826//826 977//977 978//978
f 826//826 978//978 827//827
f 827//827 978//978 979//979
f 827//827 979//979 828//828
f 828//828 979//979 980//980
f 828//828 980//980 829//829
f 829//829 980//980 981//981
f 829//829 981//981 830//830
f 830//830 981//981 982//982
f 830//830 982//982 831//831
f 831//831 982//982 983//983
f 831//831 983//983 832//832
f 832//832 983//983 984//984
f 832//832 984//984 833//833
f 833//833 984//984 985//985
f 833//833 985//985 834//834
f 834//834 985//985 986//986
f 834//834 986//986 835//835
f 835//835 986//986 987//987
f 835//835 987//987 836//836
f 836//836 987//987 988//988
f 836//836 988//988 837//837
f 837//837 988//988 989//989
f 837//837 989//989 838//838
f 838//838 989//989 990//990
f 838//838 990//990 839//839
f 839//839 990//990 991//991
f 839//839 991//991 840//840
f 840//840 991//991 992//992
f 840//840 992//992 841//841
f 841//841 992//992 993//993
f 841//841 993//993 842//842
f 842//842 993//993 994//994
f 842//842 994//994 843//843
f 843//843 994//994 995//995
f 843//843 995//995 844//844
f 844//844 995//995 996//996
f 844//844 996//996 845//845
f 845//845 996//996 997//997
f 845//845 997//997 846//846
f 846//846 997//997 998//998
f 846//846 998//998 847//847
f 847//847 998//998 999//999
f 847//847 999//999 848//848
f 848//848 999//999 1000//1000
f 848//848 1000//1000 849//849
f 849//849 1000//1000 1001//1001
f 849//849 1001//1001 850//850
f 850//850 1001//1001 1002//1002
f 850//850 1002//1002 851//851
f 851//851 1002//1002 1003//1003
f 851//851 1003//1003 852//852
f 852//852 1003//1003 1004//1004
f 852//852 1004//1004 853//853
f 853//853 1004//1004 1005//1005
f 853//853 1005//1005 854//854
f 854//854 1005//1005 1006//1006
f 854//854 1006//1006 855//855
f 855//855 1006//1006 1007//1007
f 855//855 1007//1007 856//856
f 856//856 1007//1007 1008//1008
f 856//856 1008//1008 857//857
f 857//857 1008//1008 1009//1009
f 857//857 1009//1009 858//858
f 858//858 1009//1009 1010//1010
f 858//858 1010//1010 859//859
f 859//859 1010//1010 1011//1011
f 859//859 1011//1011 860//860
f 860//860 1011//1011 1012//1012
f 860//860 1012//1012 861//861
f 861//861 1012//1012 1013//1013
f 861//861 1013//1013 862//862
f 862//862 1013//1013 1014//1014
f 862//862 1014//1014 863//863
f 863//863 1014//1014 1015//1015
f 863//863 1015//1015 864//864
f 864//864 1015//1015 1016//1016
f 864//864 1016//1016 865//865
f 865//865 1016//1016 1017//1017
f 865//865 1017//1017 866//866
f 866//866 1017//1017 1018//1018
f 866//866 1018//1018 867//867
f 867//867 1018//1018 1019//1019
f 867//867 1019//1019 868//868
f 868//868 1019//1019 1020//1020
f 868//868 1020//1020 869//869
f 869//869 1020//1020 1021//1021
f 869//869 1021//1021 870//870
f 870//870 1021//1021 1022//1022
f 870//870 1022//1022 871//871
f 871//871 1022//1022 1023//1023
f 871//871 1023//1023 872//872
f 872//872 1023//1023 1024//1024
f 872//872 1024//1024 873//873
f 873//873 1024//1024 1025//1025
f 873//873 1025//1025 874//874
f 874//874 1025//1025 1026//1026
f 874//874 1026//1026 875//875
f 875//875 1026//1026 1027//1027
f 875//875 1027//1027 876//876
f 876//876 1027//1027 1028//1028
f 876//876 1028//1028 877//877
f 877//877 1028//1028 1029//1029
f 877//877 1029//1029 878//878
f 878//878 1029//1029 1030//1030
f 878//878 1030//1030 879//879
f 879//879 1030//1030 1031//1031
f 879//879 1031//1031 880//880
f 880//880 1031//1031 1032//1032
f 880//880 1032//1032 881//881
f 881//881 1032//1032 1033//1033
f 881//881 1033//1033 882//882
f 882//882 1033//1033 1034//1034
f 882//882 1034//1034 883//883
f 883//883 1034//1034 1035//1035
f 883//883 1035//1035 884//884
f 884//884 1035//1035 1036//1036
f 884//884 1036//1036 885//885
f 885//885 1036//1036 1037//1037
f 885//885 1037//1037 886//886
f 886//886 1037//1037 1038//1038
f 886//886 1038//1038 887//887
f 887//887 1038//1038 1039//1039
f 887//887 1039//1039 888//888
f 888//888 1039//1039 1040//1040
f 888//888 1040//1040 889//889
f 889//889 1040//1040 1041//1041
f 889//889 1041//1041 890//890
f 890//890 1041//1041 1042//1042
f 890//890 1042//1042 891//891
f 891//891 1042//1042 1043//1043
f 891//891 1043//1043 892//892
f 892//892 1043//1043 1044//1044
f 892//892 1044//1044 893//893
f 893//893 1044//1044 1045//1045
f 893//893 1045//1045 894//894
f 894//894 1045//1045 1046//1046
f 894//894 1046//1046 895//895
f 895//895 1046//1046 1047//1047
f 895//895 1047//1047 896//896
f 896//896 1047//1047 1048//1048
f 896//896 1048//1048 897//897
f 897//897 1048//1048 1049//1049
f 897//897 1049//1049 898//898
f 898//898 1049//1049 1050//1050
f 898//898 1050//1050 899//899
f 899//899 1050//1050 1051//1051
f 899//899 1051//1051 900//900
f 900//900 1051//1051 1052//1052
f 900//900 1052//1052 901//901
f 901//901 1052//1052 1053//1053
f 901//901 1053//1053 902//902
f 902//902 1053//1053 1054//1054
f 902//902 1054//1054 903//903
f 903//903 1054//1054 1055//1055
f 903//903 1055//1055 904//904
f 904//904 1055//1055 1056//1056
f 904//904 1056//1056 905//905
f 905//905 1056//1056 1057//1057
f 905//905 1057//1057 906//906
f 906//906 1057//1057 1058//1058
f 906//906 1058//1058 907//907
f 907//907 1058//1058 1059//1059
f 907//907 1059//1059 908//908
f 908//908 1059//1059 1060//1060
f 908//908 1060//1060 909//909
f 909//909 1060//1060 1061//1061
f 909//909 1061//1061 910//910
f 910//910 1061//1061 1062//1062
f 910//910 1062//1062 911//911
f 911//911 1062//1062 1063//1063
f 911//911 1063//1063 912//912
f 912//912 1063//1063 1064//1064
f 912//912 1064//1064 761//761
f 761//761 1064//1064 913//913
f 913//913 1065//1065 914//914
f 914//914 1065//1065 1066//1066
f 914//914 1066//1066 915//915
f 915//915 1066//1066 1067//1067
f 915//915 1067//1067 916//916
f 916//916 1067//1067 1068//1068
f 916//916 1068//1068 917//917
f 917//917 1068//1068 1069//1069
f 917//917 1069//1069 918//918
f 918//918 1069//1069 1070//1070
f 918//918 1070//1070 919//919
f 919//919 1070//1070 1071//1071
f 919//919 1071//1071 920//920
f 920//920 1071//1071 1072//1072
f 920//920 1072//1072 921//921
f 921//921 1072//1072 1073//1073
f 921//921 1073//1073 922//922
f 922//922 1073//1073 1074//1074
f 922//922 1074//1074 923//923
f 923//923 1074//1074 1075//1075
f 923//923 1075//1075 924//924
f 924//924 1075//1075 1076//1076
f 924//924 1076//1076 925//925
f 925//925 1076//1076 1077//1077
f 925//925 1077//1077 926//926
f 926//926 1077//1077 1078//1078
f 926//926 1078//1078 927//927
f 927//927 1078//1078 1079//1079
f 927//927 1079//1079 928//928
f 928//928 1079//1079 1080//1080
f 928//928 1080//1080 929//929
f 929//929 1080//1080 1081//1081
f 929//929 1081//1081 930//930
f 930//930 1081//1081 1082//1082
f 930//930 1082//1082 931//931
f 931//931 1082//1082 1083//1083
f 931//931 1083//1083 932//932
f 932//932 1083//1083 1084//1084
f 932//932 1084//1084 933//933
f 933//933 1084//1084 1085//1085
f 933//933 1085//1085 934//934
f 934//934 1085//1085 1086//1086
f 934//934 1086//1086 935//935
f 935//935 1086//1086 1087//1087
f 935//935 1087//1087 936//936
f 936//936 1087//1087 1088//1088
f 936//936 1088//1088 937//937
f 937//937 1088//1088 1089//1089
f 937//937 1089//1089 938//938
f 938//938 1089//1089 1090//1090
f 938//938 1090//1090 939//939
f 939//939 1090//1090 1091//1091
f 939//939 1091//1091 940//940
f 940//940 1091//1091 1092//1092
f 940//940 1092//1092 941//941
f 941//941 1092//1092 1093//1093
f 941//941 1093//1093 942//942
f 942//942 1093//1093 1094//1094
f 942//942 1094//1094 943//943
f 943//943 1094//1094 1095//1095
f 943//943 1095//1095 944//944
f 944//944 1095//1095 1096//1096
f 944//944 1096//1096 945//945
f 945//945 1096//1096 1097//1097
f 945//945 1097//1097 946//946
f 946//946 1097//1097 1098//1098
f 946//946 1098//1098 947//947
f 947//947 1098//1098 1099//1099
f 947//947 1099//1099 948//948
f 948//948 1099//1099 1100//1100
f 948//948 1100//1100 949//949
f 949//949 1100//1100 1101//1101
f 949//949 1101//1101 950//950
f 950//950 1101//1101 1102//1102
f 950//950 1102//1102 951//951
f 951//951 1102//1102 1103//1103
f 951//951 1103//1103 952//952
f 952//952 1103//1103 1104//1104
f 952//952 1104//1104 953//953
f 953//953 1104//1104 1105//1105
f 953//953 1105//1105 954//954
f 954//954 1105//1105 1106//1106
f 954//954 1106//1106 955//955
f 955//955 1106//1106 1107//1107
f 955//955 1107//1107 956//956
f 956//956 1107//1107 1108//1108
f 956//956 1108//1108 957//957
f 957//957 1108//1108 1109//1109
f 957//957 1109//1109 958//958
f 958//958 1109//1109 1110//1110
f 958//958 1110//1110 959//959
f 959//959 1110//1110 1111//1111
f 959//959 1111//1111 960//960
f 960//960 1111//1111 1112//1112
f 960//960 1112//1112 961//961
f 961//961 1112//1112 1113//1113
f 961//961 1113//1113 962//962
f 962//962 1113//1113 1114//1114
f 962//962 1114//1114 963//963
f 963//963 1114//1114 1115//1115
f 963//963 1115//1115 964//964
f 964//964 1115//1115 1116//1116
f 964//964 1116//1116 965//965
f 965//965 1116//1116 1117//1117
f 965//965 1117//1117 966//966
f 966//966 1117//1117 1118//1118
f 966//966 1118//1118 967//967
f 967//967 1118//1118 1119//1119
f 967//967 1119//1119 968//968
f 968//968 1119//1119 1120//1120
f 968//968 1120//1120 969//969
f 969//969 1120//1120 1121//1121
f 969//969 1121//1121 970//970
f 970//970 1121//1121 1122//1122
f 970//970 1122//1122 971//971
f 971//971 1122//1122 1123//1123
f 971//971 1123//1123 972//972
f 972//972 1123//1123 1124//1124
f 972//972 1124//1124 973//973
f 973//973 1124//1124 1125//1125
f 973//973 1125//1125 974//974
f 974//974 1125//1125 1126//1126
f 974//974 1126//1126 975//975
f 975//975 1126//1126 1127//1127
f 975//975 1127//1127 976//976
f 976//976 1127//1127 1128//1128
f 976//976 1128//1128 977//977
f 977//977 1128//1128 1129//1129
f 977//977 1129//1129 978//978
f 978//978 1129//1129 1130//1130
f 978//978 1130//1130 979//979
f 979//979 1130//1130 1131//1131
f 979//979 1131//1131 980//980
f 980//980 1131//1131 1132//1132
f 980//980 1132//1132 981//981
f 981//981 1132//1132 1133//1133
f 981//981 1133//1133 982//982
f 982//982 1133//1133 1134//1134
f 982//982 1134//1134 983//983
f 983//983 1134//1134 1135//1135
f 983//983 1135//1135 984//984
f 984//984 1135//1135 1136//1136
f 984//984 1136//1136 985//985
f 985//985 1136//1136 1137//1137
f 985//985 1137//1137 986//986
f 986//986 1137//1137 1138//1138
f 986//986 1138//1138 987//987
f 987//987 1138//1138 1139//1139
f 987//987 1139//1139 988//988
f 988//988 1139//1139 1140//1140
f 988//988 1140//1140 989//989
f 989//989 1140//1140 1141//1141
f 989//989 1141//1141 990//990
f 990//990 1141//1141 1142//1142
f 990//990 1142//1142 991//991
f 991//991 1142//1142 1143//1143
f 991//991 1143//1143 992//992
f 992//992 1143//1143 1144//1144
f 992//992 1144//1144 993//993
f 993//993 1144//1144 1145//1145
f 993//993 1145//1145 994//994
f 994//994 1145//1145 1146//1146
f 994//994 1146//1146 995//995
f 995//995 1146//1146 1147//1147
f 995//995 1147//1147 996//996
f 996//996 1147//1147 1148//1148
f 996//996 1148//1148 997//997
f 997//997 1148//1148 1149//1149
f 997//997 1149//1149 998//998
f 998//998 1149//1149 1150//1150
f 998//998 1150//1150 999//999
f 999//999 1150//1150 1151//1151
f 999//999 1151//1151 1000//1000
f 1000//1000 1151//1151 1152//1152
f 1000//1000 1152//1152 1001//1001
f 1001//1001 1152//1152 1153//1153
f 1001//1001 1153//1153 1002//1002
f 1002//1002 1153//1153 1154//1154
f 1002//1002 1154//1154 1003//1003
f 1003//1003 1154//1154 1155//1155
f 1003//1003 1155//1155 1004//1004
f 1004//1004 1155//1155 1156//1156
f 1004//1004 1156//1156 1005//1005
f 1005//1005 1156//1156 1157//1157
f 1005//1005 1157//1157 1006//1006
f 1006//1006 1157//1157 1158//1158
f 1006//1006 1158//1158 1007//1007
f 1007//1007 1158//1158 1159//1159
f 1007//1007 1159//1159 1008//1008
f 1008//1008 1159//1159 1160//1160
f 1008//1008 1160//1160 1009//1009
f 1009//1009 1160//1160 1161//1161
f 1009//1009 1161//1161 1010//1010
f 1010//1010 1161//1161 1162//1162
f 1010//1010 1162//1162 1011//1011
f 1011//1011 1162//1162 1163//1163
f 1011//1011 1163//1163 1012//1012
f 1012//1012 1163//1163 1164//1164
f 1012//1012 1164//1164 1013//1013
f 1013//1013 1164//1164 1165//1165
f 1013//1013 1165//1165 1014//1014
f 1014//1014 1165//1165 1166//1166
f 1014//1014 1166//1166 1015//1015
f 1015//1015 1166//1166 1167//1167
f 1015//1015 1167//1167 1016//1016
f 1016//1016 1167//1167 1168//1168
f 1016//1016 1168//1168 1017//1017
f 1017//1017 1168//1168 1169//1169
f 1017//1017 1169//1169 1018//1018
f 1018//1018 1169//1169 1170//1170
f 1018//1018 1170//1170 1019//1019
f 1019//1019 1170//1170 1171//1171
f 1019//1019 1171//1171 1020//1020
f 1020//1020 1171//1171 1172//1172
f 1020//1020 1172//1172 1021//1021
f 1021//1021 1172//1172 1173//1173
f 1021//1021 1173//1173 1022//1022
f 1022//1022 1173//1173 1174//1174
f 1022//1022 1174//1174 1023//1023
f 1023//1023 1174//1174 1175//1175
f 1023//1023 1175//1175 1024//1024
f 1024//1024 1175//1175 1176//1176
f 1024//1024 1176//1176 1025//1025
f 1025//1025 1176//1176 1177//1177
f 1025//1025 1177//1177 1026//1026
f 1026//1026 1177//1177 1178//1178
f 1026//1026 1178//1178 1027//1027
f 1027//1027 1178//1178 1179//1179
f 1027//1027 1179//1179 1028//1028
f 1028//1028 1179//1179 1180//1180
f 1028//1028 1180//1180 1029//1029
f 1029//1029 1180//1180 1181//1181
f 1029//1029 1181//1181 1030//1030
f 1030//1030 1181//1181 1182//1182
f 1030//1030 1182//1182 1031//1031
f 1031//1031 1182//1182 1183//1183
f 1031//1031 1183//1183 1032//1032
f 1032//1032 1183//1183 1184//1184
f 1032//1032 1184//1184 1033//1033
f 1033//1033 1184//1184 1185//1185
f 1033//1033 1185//1185 1034//1034
f 1034//1034 1185//1185 1186//1186
f 1034//1034 1186//1186 1035//1035
f 1035//1035 1186//1186 1187//1187
f 1035//1035 1187//1187 1036//1036
f 1036//1036 1187//1187 1188//1188
f 1036//1036 1188//1188 1037//1037
f 1037//1037 1188//1188 1189//1189
f 1037//1037 1189//1189 1038//1038
f 1038//1038 1189//1189 1190//1190
f 1038//1038 1190//1190 1039//1039
f 1039//1039 1190//1190 1191//1191
f 1039//1039 1191//1191 1040//1040
f 1040//1040 1191//1191 1192//1192
f 1040//1040 1192//1192 1041//1041
f 1041//1041 1192//1192 1193//1193
f 1041//1041 1193//1193 1042//1042
f 1042//1042 1193//1193 1194//1194
f 1042//1042 1194//1194 1043//1043
f 1043//1043 1194//1194 1195//1195
f 1043//1043 1195//1195 1044//1044
f 1044//1044 1195//1195 1196//1196
f 1044//1044 1196//1196 1045//1045
f 1045//1045 1196//1196 1197//1197
f 1045//1045 1197//1197 1046//1046
f 1046//1046 1197//1197 1198//1198
f 1046//1046 1198//1198 1047//1047
f 1047//1047 1198//1198 1199//1199
f 1047//1047 1199//1199 1048//1048
f 1048//1048 1199//1199 1200//1200
f 1048//1048 1200//1200 1049//1049
f 1049//1049 1200//1200 1201//1201
f 1049//1049 1201//1201 1050//1050
f 1050//1050 1201//1201 1202//1202
f 1050//1050 1202//1202 1051//1051
f 1051//1051 1202//1202 1203//1203
f 1051//1051 1203//1203 1052//1052
f 1052//1052 1203//1203 1204//1204
f 1052//1052 1204//1204 1053//1053
f 1053//1053 1204//1204 1205//1205
f 1053//1053 1205//1205 1054//1054
f 1054//1054 1205//1205 1206//1206
f 1054//1054 1206//1206 1055//1055
f 1055//1055 1206//1206 1207//1207
f 1055//1055 1207//1207 1056//1056
f 1056//1056 1207//1207 1208//1208
f 1056//1056 1208//1208 1057//1057
f 1057//1057 1208//1208 1209//1209
f 1057//1057 1209//1209 1058//1058
f 1058//1058 1209//1209 1210//1210
f 1058//1058 1210//1210 1059//1059
f 1059//1059 1210//1210 1211//1211
f 1059//1059 1211//1211 1060//1060
f 1060//1060 1211//1211 1212//1212
f 1060//1060 1212//1212 1061//1061
f 1061//1061 1212//1212 1213//1213
f 1061//1061 1213//1213 1062//1062
f 1062//1062 1213//1213 1214//1214
f 1062//1062 1214//1214 1063//1063
f 1063//1063 1214//1214 1215//1215
f 1063//1063 1215//1215 1064//1064
f 1064//1064 1215//1215 1216//1216
f 1064//1064 1216//1216 913//913
f 913//913 1216//1216 1065//1065